aa_x,expected_freq_x,aa_y,expected_freq_y,count,bind1,bind2,observed_freq,p-value
L,0.16909465334451987,K,0.07688200747463962,10,K,L,0.004833252779120348,0.00030094083538546537
R,0.09022957821676456,K,0.07688200747463962,3,K,R,0.0014499758337361043,0.0007641443332803918
V,0.06955991152467393,E,0.0414918770498055,15,E,V,0.007249879168680522,0.0013133019601940458
S,0.06437342689344824,T,0.040271527724811226,14,T,S,0.006766553890768487,0.0013190324887577484
L,0.16909465334451987,R,0.09022957821676456,15,R,L,0.007249879168680522,0.0015926112454442412
K,0.07688200747463962,L,0.16909465334451987,12,L,K,0.005799903334944417,0.0018286569120666766
A,0.07207688200747464,P,0.08992449088551598,26,P,A,0.012566457225712905,0.002160489199623385
Q,0.03310197544046983,G,0.048508885668522614,10,G,Q,0.004833252779120348,0.002279375022011107
R,0.09022957821676456,L,0.16909465334451987,16,L,R,0.007733204446592557,0.0029981883499453806
S,0.06437342689344824,S,0.06437342689344824,18,S,S,0.008699855002416627,0.004995410514937622
N,0.024101899168637024,D,0.02219510334833346,5,D,N,0.002416626389560174,0.005558616584725821
W,0.004423766303104264,T,0.040271527724811226,3,T,W,0.0014499758337361043,0.006340203069899693
G,0.048508885668522614,C,0.0040424071390435514,3,C,G,0.0014499758337361043,0.008227776141106383
K,0.07688200747463962,E,0.0414918770498055,14,E,K,0.006766553890768487,0.009284812215892231
I,0.06704294104187324,K,0.07688200747463962,3,K,I,0.0014499758337361043,0.012887047122498661
S,0.06437342689344824,H,0.01883914270459919,7,H,S,0.0033832769453842437,0.01438423324869378
S,0.06437342689344824,E,0.0414918770498055,12,E,S,0.005799903334944417,0.015212118695025815
L,0.16909465334451987,G,0.048508885668522614,27,G,L,0.01304978250362494,0.01991160734306515
M,0.01014415376401495,G,0.048508885668522614,4,G,M,0.0019333011116481392,0.020088152792736083
E,0.0414918770498055,V,0.06955991152467393,12,V,E,0.005799903334944417,0.021826198701406306
A,0.07207688200747464,G,0.048508885668522614,14,G,A,0.006766553890768487,0.02219029031898013
K,0.07688200747463962,R,0.09022957821676456,6,R,K,0.0028999516674722086,0.023215752096146403
A,0.07207688200747464,K,0.07688200747463962,4,K,A,0.0019333011116481392,0.024519338377335796
V,0.06955991152467393,N,0.024101899168637024,8,N,V,0.0038666022232962784,0.025441762778010513
R,0.09022957821676456,Y,0.022576462512394174,0,Y,R,0.0,0.026006230666707042
G,0.048508885668522614,D,0.02219510334833346,6,D,G,0.0028999516674722086,0.02617320428146453
N,0.024101899168637024,Q,0.03310197544046983,5,Q,N,0.002416626389560174,0.02652830468859059
R,0.09022957821676456,R,0.09022957821676456,8,R,R,0.0038666022232962784,0.02680481924880617
V,0.06955991152467393,W,0.004423766303104264,3,W,V,0.0014499758337361043,0.026869684093549968
N,0.024101899168637024,R,0.09022957821676456,0,R,N,0.0,0.02802768971620652
R,0.09022957821676456,N,0.024101899168637024,0,N,R,0.0,0.02802768971620652
W,0.004423766303104264,A,0.07207688200747464,3,A,W,0.0014499758337361043,0.029399130840928097
S,0.06437342689344824,D,0.02219510334833346,7,D,S,0.0033832769453842437,0.03124072521187771
T,0.040271527724811226,I,0.06704294104187324,11,I,T,0.005316578057032383,0.03133513791493236
I,0.06704294104187324,R,0.09022957821676456,5,R,I,0.002416626389560174,0.031677384871523946
R,0.09022957821676456,I,0.06704294104187324,5,I,R,0.002416626389560174,0.031677384871523946
W,0.004423766303104264,Q,0.03310197544046983,2,Q,W,0.0009666505558240696,0.037588326233690975
C,0.0040424071390435514,P,0.08992449088551598,3,P,C,0.0014499758337361043,0.04075535221181914
Q,0.03310197544046983,H,0.01883914270459919,4,H,Q,0.0019333011116481392,0.04207663377665549
K,0.07688200747463962,I,0.06704294104187324,4,I,K,0.0019333011116481392,0.043309006060656685
E,0.0414918770498055,Y,0.022576462512394174,5,Y,E,0.002416626389560174,0.04716043991601386
W,0.004423766303104264,R,0.09022957821676456,3,R,W,0.0014499758337361043,0.051176254240678794
G,0.048508885668522614,Q,0.03310197544046983,7,Q,G,0.0033832769453842437,0.052307894690002285
P,0.08992449088551598,A,0.07207688200747464,21,A,P,0.01014983083615273,0.05264758410080824
N,0.024101899168637024,T,0.040271527724811226,5,T,N,0.002416626389560174,0.0533091300138015
I,0.06704294104187324,M,0.01014415376401495,4,M,I,0.0019333011116481392,0.054469229822760076
V,0.06955991152467393,T,0.040271527724811226,11,T,V,0.005316578057032383,0.05508360246745592
E,0.0414918770498055,T,0.040271527724811226,0,T,E,0.0,0.05644160146402877
S,0.06437342689344824,P,0.08992449088551598,19,P,S,0.00918318028032866,0.056766502464329814
R,0.09022957821676456,H,0.01883914270459919,0,H,R,0.0,0.05688328093732435
N,0.024101899168637024,E,0.0414918770498055,5,E,N,0.002416626389560174,0.059006552222951175
I,0.06704294104187324,S,0.06437342689344824,15,S,I,0.007249879168680522,0.060992679564376165
Q,0.03310197544046983,T,0.040271527724811226,6,T,Q,0.0028999516674722086,0.061391452431958426
K,0.07688200747463962,V,0.06955991152467393,5,V,K,0.002416626389560174,0.06910781390883076
G,0.048508885668522614,W,0.004423766303104264,2,W,G,0.0009666505558240696,0.07370431447248103
K,0.07688200747463962,M,0.01014415376401495,4,M,K,0.0019333011116481392,0.0806263012607307
D,0.02219510334833346,D,0.02219510334833346,3,D,D,0.0014499758337361043,0.08382820601223376
V,0.06955991152467393,Y,0.022576462512394174,0,Y,V,0.0,0.08624351746798326
D,0.02219510334833346,Y,0.022576462512394174,3,Y,D,0.0014499758337361043,0.08713762178627599
E,0.0414918770498055,I,0.06704294104187324,10,I,E,0.004833252779120348,0.08910633172433058
Y,0.022576462512394174,Y,0.022576462512394174,3,Y,Y,0.0014499758337361043,0.09055965022703168
M,0.01014415376401495,N,0.024101899168637024,2,N,M,0.0009666505558240696,0.09196690913433024
P,0.08992449088551598,G,0.048508885668522614,14,G,P,0.006766553890768487,0.09534545713493878
N,0.024101899168637024,A,0.07207688200747464,7,A,N,0.0033832769453842437,0.10002250027017894
S,0.06437342689344824,C,0.0040424071390435514,2,C,S,0.0009666505558240696,0.10204648607405613
V,0.06955991152467393,I,0.06704294104187324,15,I,V,0.007249879168680522,0.10232236666447406
L,0.16909465334451987,Y,0.022576462512394174,3,Y,L,0.0014499758337361043,0.10377248226798907
R,0.09022957821676456,Q,0.03310197544046983,2,Q,R,0.0009666505558240696,0.10439696490099062
F,0.03111890778735413,K,0.07688200747463962,1,K,F,0.0004833252779120348,0.10662941706162762
I,0.06704294104187324,C,0.0040424071390435514,2,C,I,0.0009666505558240696,0.10912829972870643
P,0.08992449088551598,R,0.09022957821676456,10,R,P,0.004833252779120348,0.10954572653119797
L,0.16909465334451987,L,0.16909465334451987,47,L,L,0.022716288061865635,0.1132982602005057
S,0.06437342689344824,W,0.004423766303104264,2,W,S,0.0009666505558240696,0.11833739378466071
N,0.024101899168637024,N,0.024101899168637024,3,N,N,0.0014499758337361043,0.12087163848359576
T,0.040271527724811226,F,0.03111890778735413,5,F,T,0.002416626389560174,0.1214476248222351
M,0.01014415376401495,R,0.09022957821676456,4,R,M,0.0019333011116481392,0.12414669614583501
Y,0.022576462512394174,E,0.0414918770498055,4,E,Y,0.0019333011116481392,0.13179885963195706
P,0.08992449088551598,T,0.040271527724811226,3,T,P,0.0014499758337361043,0.1375554799963848
D,0.02219510334833346,I,0.06704294104187324,6,I,D,0.0028999516674722086,0.13782285362048816
T,0.040271527724811226,L,0.16909465334451987,20,L,T,0.009666505558240696,0.13828553436993998
R,0.09022957821676456,D,0.02219510334833346,1,D,R,0.0004833252779120348,0.14135781712198014
Y,0.022576462512394174,R,0.09022957821676456,1,R,Y,0.0004833252779120348,0.1416122182263371
F,0.03111890778735413,P,0.08992449088551598,2,P,F,0.0009666505558240696,0.14169652713907932
C,0.0040424071390435514,H,0.01883914270459919,1,H,C,0.0004833252779120348,0.14578443450911663
I,0.06704294104187324,V,0.06955991152467393,5,V,I,0.002416626389560174,0.14709538626456742
A,0.07207688200747464,E,0.0414918770498055,10,E,A,0.004833252779120348,0.1509816914906475
D,0.02219510334833346,A,0.07207688200747464,6,A,D,0.0028999516674722086,0.15457580447298275
S,0.06437342689344824,M,0.01014415376401495,3,M,S,0.0014499758337361043,0.15475916499038742
T,0.040271527724811226,T,0.040271527724811226,6,T,T,0.0028999516674722086,0.15852533556073756
A,0.07207688200747464,Q,0.03310197544046983,8,Q,A,0.0038666022232962784,0.16902244455082893
D,0.02219510334833346,C,0.0040424071390435514,1,C,D,0.0004833252779120348,0.16942945447747818
P,0.08992449088551598,C,0.0040424071390435514,2,C,P,0.0009666505558240696,0.17408859264606016
R,0.09022957821676456,C,0.0040424071390435514,2,C,R,0.0009666505558240696,0.17499369305108825
D,0.02219510334833346,K,0.07688200747463962,6,K,D,0.0028999516674722086,0.1754830227252498
G,0.048508885668522614,P,0.08992449088551598,13,P,G,0.006283228612856452,0.17934785176763374
C,0.0040424071390435514,N,0.024101899168637024,1,N,C,0.0004833252779120348,0.1825715048656621
W,0.004423766303104264,D,0.02219510334833346,1,D,W,0.0004833252779120348,0.18384966333029354
Q,0.03310197544046983,K,0.07688200747463962,2,K,Q,0.0009666505558240696,0.19024757311247636
M,0.01014415376401495,M,0.01014415376401495,1,M,M,0.0004833252779120348,0.1917784257476107
D,0.02219510334833346,Q,0.03310197544046983,3,Q,D,0.0014499758337361043,0.19617024018695023
N,0.024101899168637024,W,0.004423766303104264,1,W,N,0.0004833252779120348,0.1979713596244532
I,0.06704294104187324,P,0.08992449088551598,17,P,I,0.008216529724504592,0.1985301863306484
V,0.06955991152467393,V,0.06955991152467393,14,V,V,0.006766553890768487,0.20202387157331833
F,0.03111890778735413,N,0.024101899168637024,3,N,F,0.0014499758337361043,0.20422124798946084
R,0.09022957821676456,V,0.06955991152467393,8,V,R,0.0038666022232962784,0.20775297509124152
E,0.0414918770498055,R,0.09022957821676456,4,R,E,0.0019333011116481392,0.20873962944903496
A,0.07207688200747464,H,0.01883914270459919,5,H,A,0.002416626389560174,0.21379302892474636
D,0.02219510334833346,H,0.01883914270459919,2,H,D,0.0009666505558240696,0.21477405485602577
H,0.01883914270459919,D,0.02219510334833346,2,D,H,0.0009666505558240696,0.21477405485602577
I,0.06704294104187324,F,0.03111890778735413,7,F,I,0.0033832769453842437,0.21673235341095756
M,0.01014415376401495,K,0.07688200747463962,3,K,M,0.0014499758337361043,0.22012787102246648
Y,0.022576462512394174,H,0.01883914270459919,2,H,Y,0.0009666505558240696,0.2201949908241247
L,0.16909465334451987,V,0.06955991152467393,18,V,L,0.008699855002416627,0.2208446159790787
E,0.0414918770498055,H,0.01883914270459919,3,H,E,0.0014499758337361043,0.2210772766801369
T,0.040271527724811226,K,0.07688200747463962,3,K,T,0.0014499758337361043,0.23246510149735355
A,0.07207688200747464,F,0.03111890778735413,7,F,A,0.0033832769453842437,0.2414355562683945
Q,0.03310197544046983,C,0.0040424071390435514,1,C,Q,0.0004833252779120348,0.2418506289312933
C,0.0040424071390435514,Q,0.03310197544046983,1,Q,C,0.0004833252779120348,0.2418506289312933
N,0.024101899168637024,H,0.01883914270459919,2,H,N,0.0009666505558240696,0.24197437360373303
H,0.01883914270459919,N,0.024101899168637024,2,N,H,0.0009666505558240696,0.24197437360373303
P,0.08992449088551598,S,0.06437342689344824,16,S,P,0.007733204446592557,0.24316779139053402
G,0.048508885668522614,F,0.03111890778735413,5,F,G,0.002416626389560174,0.24964832588067348
G,0.048508885668522614,V,0.06955991152467393,10,V,G,0.004833252779120348,0.24966341641616244
V,0.06955991152467393,G,0.048508885668522614,10,G,V,0.004833252779120348,0.24966341641616244
I,0.06704294104187324,Y,0.022576462512394174,5,Y,I,0.002416626389560174,0.2507455571787941
V,0.06955991152467393,P,0.08992449088551598,17,P,V,0.008216529724504592,0.26139779008267117
Q,0.03310197544046983,W,0.004423766303104264,1,W,Q,0.0004833252779120348,0.2613987138057827
G,0.048508885668522614,M,0.01014415376401495,2,M,G,0.0009666505558240696,0.2709071949598676
P,0.08992449088551598,E,0.0414918770498055,4,E,P,0.0019333011116481392,0.27329486347190274
G,0.048508885668522614,H,0.01883914270459919,0,H,G,0.0,0.2744630260190969
L,0.16909465334451987,D,0.02219510334833346,11,D,L,0.005316578057032383,0.2745494795785383
M,0.01014415376401495,L,0.16909465334451987,1,L,M,0.0004833252779120348,0.2793380010041721
L,0.16909465334451987,E,0.0414918770498055,10,E,L,0.004833252779120348,0.2903235433190374
N,0.024101899168637024,K,0.07688200747463962,6,K,N,0.0028999516674722086,0.29362959018459295
D,0.02219510334833346,G,0.048508885668522614,4,G,D,0.0019333011116481392,0.29367739978020324
I,0.06704294104187324,L,0.16909465334451987,18,L,I,0.008699855002416627,0.29851331774704487
Q,0.03310197544046983,L,0.16909465334451987,15,L,Q,0.007249879168680522,0.29969510786259834
T,0.040271527724811226,W,0.004423766303104264,1,W,T,0.0004833252779120348,0.3083180007699119
S,0.06437342689344824,I,0.06704294104187324,12,I,S,0.005799903334944417,0.3092805524463855
S,0.06437342689344824,G,0.048508885668522614,9,G,S,0.0043499275012083135,0.31770421736850896
G,0.048508885668522614,S,0.06437342689344824,9,S,G,0.0043499275012083135,0.31770421736850896
S,0.06437342689344824,V,0.06955991152467393,12,V,S,0.005799903334944417,0.3230177388098759
P,0.08992449088551598,P,0.08992449088551598,12,P,P,0.005799903334944417,0.3235575873404864
E,0.0414918770498055,K,0.07688200747463962,9,K,E,0.0043499275012083135,0.32495111982606906
M,0.01014415376401495,H,0.01883914270459919,1,H,M,0.0004833252779120348,0.3266153057598716
C,0.0040424071390435514,G,0.048508885668522614,1,G,C,0.0004833252779120348,0.3335269061813754
F,0.03111890778735413,T,0.040271527724811226,4,T,F,0.0019333011116481392,0.3370777713386065
F,0.03111890778735413,H,0.01883914270459919,2,H,F,0.0009666505558240696,0.3420737628980714
K,0.07688200747463962,P,0.08992449088551598,10,P,K,0.004833252779120348,0.34994602201493086
T,0.040271527724811226,P,0.08992449088551598,10,P,T,0.004833252779120348,0.35457538545415357
W,0.004423766303104264,G,0.048508885668522614,1,G,W,0.0004833252779120348,0.3585592360416568
H,0.01883914270459919,A,0.07207688200747464,4,A,H,0.0019333011116481392,0.3702562073015807
S,0.06437342689344824,R,0.09022957821676456,15,R,S,0.007249879168680522,0.3821606430261033
H,0.01883914270459919,K,0.07688200747463962,1,K,H,0.0004833252779120348,0.3834859794373445
L,0.16909465334451987,I,0.06704294104187324,19,I,L,0.00918318028032866,0.4061973603699268
N,0.024101899168637024,V,0.06955991152467393,5,V,N,0.002416626389560174,0.4075872738239958
M,0.01014415376401495,I,0.06704294104187324,2,I,M,0.0009666505558240696,0.41066859615175855
F,0.03111890778735413,Y,0.022576462512394174,0,Y,F,0.0,0.41315947792784224
L,0.16909465334451987,M,0.01014415376401495,5,M,L,0.002416626389560174,0.41434051900036806
M,0.01014415376401495,A,0.07207688200747464,0,A,M,0.0,0.41449750739348146
Q,0.03310197544046983,D,0.02219510334833346,0,D,Q,0.0,0.41473856002705134
S,0.06437342689344824,A,0.07207688200747464,12,A,S,0.005799903334944417,0.4152306822798868
Q,0.03310197544046983,Y,0.022576462512394174,0,Y,Q,0.0,0.415726858401693
Y,0.022576462512394174,Q,0.03310197544046983,0,Q,Y,0.0,0.415726858401693
W,0.004423766303104264,L,0.16909465334451987,0,L,W,0.0,0.41578832434225
N,0.024101899168637024,F,0.03111890778735413,0,F,N,0.0,0.4159639309852992
E,0.0414918770498055,A,0.07207688200747464,8,A,E,0.0038666022232962784,0.416897040141577
L,0.16909465334451987,H,0.01883914270459919,4,H,L,0.0019333011116481392,0.4323051044747557
G,0.048508885668522614,I,0.06704294104187324,4,I,G,0.0019333011116481392,0.4347830357670437
D,0.02219510334833346,T,0.040271527724811226,3,T,D,0.0014499758337361043,0.4398166812210994
V,0.06955991152467393,C,0.0040424071390435514,1,C,V,0.0004833252779120348,0.44114366972540364
C,0.0040424071390435514,V,0.06955991152467393,1,V,C,0.0004833252779120348,0.44114366972540364
K,0.07688200747463962,N,0.024101899168637024,5,N,K,0.002416626389560174,0.4430322604997556
H,0.01883914270459919,G,0.048508885668522614,3,G,H,0.0014499758337361043,0.44460221382496534
W,0.004423766303104264,S,0.06437342689344824,1,S,W,0.0004833252779120348,0.44527303407698704
D,0.02219510334833346,E,0.0414918770498055,3,E,D,0.0014499758337361043,0.44635560169191474
A,0.07207688200747464,C,0.0040424071390435514,1,C,A,0.0004833252779120348,0.4527886477134343
C,0.0040424071390435514,A,0.07207688200747464,1,A,C,0.0004833252779120348,0.4527886477134343
G,0.048508885668522614,A,0.07207688200747464,9,A,G,0.0043499275012083135,0.4539345610951268
P,0.08992449088551598,Y,0.022576462512394174,2,Y,P,0.0009666505558240696,0.4566802369755487
L,0.16909465334451987,S,0.06437342689344824,26,S,L,0.012566457225712905,0.4567393606534216
I,0.06704294104187324,W,0.004423766303104264,1,W,I,0.0004833252779120348,0.45866653274520186
F,0.03111890778735413,F,0.03111890778735413,3,F,F,0.0014499758337361043,0.4590154027955769
R,0.09022957821676456,P,0.08992449088551598,13,P,R,0.006283228612856452,0.4600463843283227
S,0.06437342689344824,Q,0.03310197544046983,6,Q,S,0.0028999516674722086,0.4652630413549588
G,0.048508885668522614,K,0.07688200747463962,5,K,G,0.002416626389560174,0.46668243376183793
E,0.0414918770498055,P,0.08992449088551598,5,P,E,0.002416626389560174,0.4667436505652893
R,0.09022957821676456,E,0.0414918770498055,5,E,R,0.002416626389560174,0.4672277774291644
E,0.0414918770498055,N,0.024101899168637024,3,N,E,0.0014499758337361043,0.4681930806041312
V,0.06955991152467393,F,0.03111890778735413,6,F,V,0.0028999516674722086,0.4690167138459715
K,0.07688200747463962,K,0.07688200747463962,9,K,K,0.0043499275012083135,0.470762755083624
C,0.0040424071390435514,K,0.07688200747463962,1,K,C,0.0004833252779120348,0.47435073863843347
K,0.07688200747463962,C,0.0040424071390435514,1,C,K,0.0004833252779120348,0.47435073863843347
Q,0.03310197544046983,I,0.06704294104187324,6,I,Q,0.0028999516674722086,0.47594251821177114
Q,0.03310197544046983,F,0.03111890778735413,3,F,Q,0.0014499758337361043,0.47737974652800796
F,0.03111890778735413,A,0.07207688200747464,6,A,F,0.0028999516674722086,0.4792542125233725
A,0.07207688200747464,W,0.004423766303104264,1,W,A,0.0004833252779120348,0.48304967804205545
V,0.06955991152467393,R,0.09022957821676456,10,R,V,0.004833252779120348,0.48667085119698494
N,0.024101899168637024,L,0.16909465334451987,6,L,N,0.0028999516674722086,0.49178576421484615
G,0.048508885668522614,G,0.048508885668522614,6,G,G,0.0028999516674722086,0.49682497688949034
G,0.048508885668522614,Y,0.022576462512394174,3,Y,G,0.0014499758337361043,0.49854299657605144
Q,0.03310197544046983,Q,0.03310197544046983,3,Q,Q,0.0014499758337361043,0.498738930201173
Q,0.03310197544046983,M,0.01014415376401495,1,M,Q,0.0004833252779120348,0.500860341260863
K,0.07688200747463962,W,0.004423766303104264,1,W,K,0.0004833252779120348,0.5052997293534969
K,0.07688200747463962,Q,0.03310197544046983,3,Q,K,0.0014499758337361043,0.5067855631761692
E,0.0414918770498055,S,0.06437342689344824,7,S,E,0.0033832769453842437,0.5163570692305792
I,0.06704294104187324,T,0.040271527724811226,7,T,I,0.0033832769453842437,0.5192058049134957
L,0.16909465334451987,P,0.08992449088551598,35,P,L,0.016916384726921217,0.5283870215370154
P,0.08992449088551598,F,0.03111890778735413,7,F,P,0.0033832769453842437,0.5305114985573909
E,0.0414918770498055,F,0.03111890778735413,1,F,E,0.0004833252779120348,0.5332655311718772
T,0.040271527724811226,Q,0.03310197544046983,1,Q,T,0.0004833252779120348,0.5368245028652824
P,0.08992449088551598,Q,0.03310197544046983,4,Q,P,0.0019333011116481392,0.5419343990637498
Q,0.03310197544046983,R,0.09022957821676456,4,R,Q,0.0019333011116481392,0.5422469958280769
I,0.06704294104187324,D,0.02219510334833346,4,D,I,0.0019333011116481392,0.5578878965541013
P,0.08992449088551598,W,0.004423766303104264,1,W,P,0.0004833252779120348,0.5609852016860212
D,0.02219510334833346,V,0.06955991152467393,4,V,D,0.0019333011116481392,0.5679695053323482
S,0.06437342689344824,N,0.024101899168637024,4,N,S,0.0019333011116481392,0.5694303129212702
Y,0.022576462512394174,V,0.06955991152467393,4,V,Y,0.0019333011116481392,0.573125997676439
A,0.07207688200747464,D,0.02219510334833346,4,D,A,0.0019333011116481392,0.5790750007474879
R,0.09022957821676456,T,0.040271527724811226,9,T,R,0.0043499275012083135,0.5793633766792253
M,0.01014415376401495,E,0.0414918770498055,1,E,M,0.0004833252779120348,0.5814778152566149
N,0.024101899168637024,I,0.06704294104187324,4,I,N,0.0019333011116481392,0.5824430301970354
H,0.01883914270459919,Y,0.022576462512394174,1,Y,H,0.0004833252779120348,0.5852903959605837
P,0.08992449088551598,L,0.16909465334451987,28,L,P,0.013533107781536975,0.5903095103462287
H,0.01883914270459919,P,0.08992449088551598,2,P,H,0.0009666505558240696,0.5951084054427205
P,0.08992449088551598,H,0.01883914270459919,2,H,P,0.0009666505558240696,0.5951084054427205
L,0.16909465334451987,N,0.024101899168637024,10,N,L,0.004833252779120348,0.6010258596770264
T,0.040271527724811226,G,0.048508885668522614,5,G,T,0.002416626389560174,0.6110951460525721
L,0.16909465334451987,A,0.07207688200747464,22,A,L,0.010633156114064766,0.6156582434004187
Y,0.022576462512394174,N,0.024101899168637024,0,N,Y,0.0,0.6347123258050789
I,0.06704294104187324,A,0.07207688200747464,8,A,I,0.0038666022232962784,0.6352194368106103
K,0.07688200747463962,S,0.06437342689344824,8,S,K,0.0038666022232962784,0.6364594052416535
V,0.06955991152467393,Q,0.03310197544046983,3,Q,V,0.0014499758337361043,0.6420755466174888
H,0.01883914270459919,Q,0.03310197544046983,0,Q,H,0.0,0.6448424511666653
K,0.07688200747463962,F,0.03111890778735413,6,F,K,0.0028999516674722086,0.6470382427828809
L,0.16909465334451987,F,0.03111890778735413,12,F,L,0.005799903334944417,0.6486912953358911
M,0.01014415376401495,S,0.06437342689344824,0,S,M,0.0,0.6500501252060549
C,0.0040424071390435514,L,0.16909465334451987,2,L,C,0.0009666505558240696,0.6561172344620035
L,0.16909465334451987,C,0.0040424071390435514,2,C,L,0.0009666505558240696,0.6561172344620035
L,0.16909465334451987,Q,0.03310197544046983,13,Q,L,0.006283228612856452,0.6563097087725844
D,0.02219510334833346,F,0.03111890778735413,2,F,D,0.0009666505558240696,0.657621205969758
F,0.03111890778735413,D,0.02219510334833346,2,D,F,0.0009666505558240696,0.657621205969758
M,0.01014415376401495,V,0.06955991152467393,2,V,M,0.0009666505558240696,0.660864131979889
T,0.040271527724811226,S,0.06437342689344824,6,S,T,0.0028999516674722086,0.6649276393304451
A,0.07207688200747464,M,0.01014415376401495,2,M,A,0.0009666505558240696,0.6666788258227531
T,0.040271527724811226,H,0.01883914270459919,2,H,T,0.0009666505558240696,0.6732814887810268
H,0.01883914270459919,T,0.040271527724811226,2,T,H,0.0009666505558240696,0.6732814887810268
F,0.03111890778735413,R,0.09022957821676456,4,R,F,0.0019333011116481392,0.6740876601263397
P,0.08992449088551598,V,0.06955991152467393,14,V,P,0.006766553890768487,0.6764486287355918
A,0.07207688200747464,R,0.09022957821676456,15,R,A,0.007249879168680522,0.679739772643874
L,0.16909465334451987,T,0.040271527724811226,12,T,L,0.005799903334944417,0.6882228859525913
P,0.08992449088551598,K,0.07688200747463962,12,K,P,0.005799903334944417,0.6892183277750485
E,0.0414918770498055,L,0.16909465334451987,16,L,E,0.007733204446592557,0.6911160626777436
H,0.01883914270459919,L,0.16909465334451987,5,L,H,0.002416626389560174,0.696087927111452
T,0.040271527724811226,Y,0.022576462512394174,2,Y,T,0.0009666505558240696,0.7132643689988513
Y,0.022576462512394174,T,0.040271527724811226,2,T,Y,0.0009666505558240696,0.7132643689988513
M,0.01014415376401495,P,0.08992449088551598,2,P,M,0.0009666505558240696,0.7141044645420898
E,0.0414918770498055,D,0.02219510334833346,2,D,E,0.0009666505558240696,0.71653122204799
F,0.03111890778735413,Q,0.03310197544046983,1,Q,F,0.0004833252779120348,0.7303153108465086
Y,0.022576462512394174,G,0.048508885668522614,1,G,Y,0.0004833252779120348,0.7335676274600292
N,0.024101899168637024,G,0.048508885668522614,1,G,N,0.0004833252779120348,0.7394589770205879
V,0.06955991152467393,S,0.06437342689344824,10,S,V,0.004833252779120348,0.7407587437709298
I,0.06704294104187324,H,0.01883914270459919,3,H,I,0.0014499758337361043,0.7496277487499282
F,0.03111890778735413,E,0.0414918770498055,3,E,F,0.0014499758337361043,0.7531516982953049
H,0.01883914270459919,V,0.06955991152467393,3,V,H,0.0014499758337361043,0.7556697943164139
A,0.07207688200747464,A,0.07207688200747464,9,A,A,0.0043499275012083135,0.7585608376601929
V,0.06955991152467393,L,0.16909465334451987,22,L,V,0.010633156114064766,0.7590245805183384
A,0.07207688200747464,L,0.16909465334451987,23,L,A,0.011116481391976801,0.763337222484123
E,0.0414918770498055,Q,0.03310197544046983,3,Q,E,0.0014499758337361043,0.7644256516439073
K,0.07688200747463962,A,0.07207688200747464,12,A,K,0.005799903334944417,0.7677896746058119
D,0.02219510334833346,S,0.06437342689344824,3,S,D,0.0014499758337361043,0.772647723875024
Y,0.022576462512394174,S,0.06437342689344824,2,S,Y,0.0009666505558240696,0.7757973943177499
S,0.06437342689344824,Y,0.022576462512394174,2,Y,S,0.0009666505558240696,0.7757973943177499
P,0.08992449088551598,I,0.06704294104187324,13,I,P,0.006283228612856452,0.7770834722136513
A,0.07207688200747464,Y,0.022576462512394174,2,Y,A,0.0009666505558240696,0.7804058440797765
T,0.040271527724811226,E,0.0414918770498055,2,E,T,0.0009666505558240696,0.782793027745356
R,0.09022957821676456,A,0.07207688200747464,14,A,R,0.006766553890768487,0.784932558379204
K,0.07688200747463962,D,0.02219510334833346,4,D,K,0.0019333011116481392,0.7850373877634809
K,0.07688200747463962,Y,0.022576462512394174,4,Y,K,0.0019333011116481392,0.7870848281683012
F,0.03111890778735413,S,0.06437342689344824,3,S,F,0.0014499758337361043,0.8049441220258564
S,0.06437342689344824,F,0.03111890778735413,3,F,S,0.0014499758337361043,0.8049441220258564
F,0.03111890778735413,V,0.06955991152467393,5,V,F,0.002416626389560174,0.8095758923974511
P,0.08992449088551598,N,0.024101899168637024,5,N,P,0.002416626389560174,0.8096913400076058
N,0.024101899168637024,P,0.08992449088551598,5,P,N,0.002416626389560174,0.8096913400076058
Q,0.03310197544046983,A,0.07207688200747464,5,A,Q,0.002416626389560174,0.8222102352735381
I,0.06704294104187324,E,0.0414918770498055,6,E,I,0.0028999516674722086,0.8332283153981425
T,0.040271527724811226,V,0.06955991152467393,6,V,T,0.0028999516674722086,0.8341341083811671
R,0.09022957821676456,F,0.03111890778735413,6,F,R,0.0028999516674722086,0.8344461855953604
Q,0.03310197544046983,P,0.08992449088551598,5,P,Q,0.002416626389560174,0.839476074359733
K,0.07688200747463962,T,0.040271527724811226,5,T,K,0.002416626389560174,0.8412501359342677
T,0.040271527724811226,R,0.09022957821676456,8,R,T,0.0038666022232962784,0.8534571317853017
R,0.09022957821676456,G,0.048508885668522614,8,G,R,0.0038666022232962784,0.8679797922311634
I,0.06704294104187324,I,0.06704294104187324,8,I,I,0.0038666022232962784,0.8686025868598232
A,0.07207688200747464,I,0.06704294104187324,9,I,A,0.0043499275012083135,0.8745865715196798
S,0.06437342689344824,L,0.16909465334451987,23,L,S,0.011116481391976801,0.9153350695616418
W,0.004423766303104264,W,0.004423766303104264,0,W,W,0.0,0.9999999999999156
Q,0.03310197544046983,N,0.024101899168637024,1,N,Q,0.0004833252779120348,0.9999999999999158
D,0.02219510334833346,W,0.004423766303104264,0,W,D,0.0,0.9999999999999184
V,0.06955991152467393,M,0.01014415376401495,1,M,V,0.0004833252779120348,0.9999999999999192
C,0.0040424071390435514,D,0.02219510334833346,0,D,C,0.0,0.9999999999999208
C,0.0040424071390435514,Y,0.022576462512394174,0,Y,C,0.0,0.9999999999999217
Y,0.022576462512394174,C,0.0040424071390435514,0,C,Y,0.0,0.9999999999999217
T,0.040271527724811226,C,0.0040424071390435514,0,C,T,0.0,0.9999999999999238
C,0.0040424071390435514,T,0.040271527724811226,0,T,C,0.0,0.9999999999999238
N,0.024101899168637024,C,0.0040424071390435514,0,C,N,0.0,0.9999999999999251
W,0.004423766303104264,H,0.01883914270459919,0,H,W,0.0,0.9999999999999253
H,0.01883914270459919,W,0.004423766303104264,0,W,H,0.0,0.9999999999999253
R,0.09022957821676456,M,0.01014415376401495,1,M,R,0.0004833252779120348,0.9999999999999257
V,0.06955991152467393,D,0.02219510334833346,3,D,V,0.0014499758337361043,0.9999999999999278
H,0.01883914270459919,F,0.03111890778735413,1,F,H,0.0004833252779120348,0.9999999999999283
G,0.048508885668522614,L,0.16909465334451987,16,L,G,0.007733204446592557,0.9999999999999294
Y,0.022576462512394174,A,0.07207688200747464,3,A,Y,0.0014499758337361043,0.9999999999999318
A,0.07207688200747464,S,0.06437342689344824,9,S,A,0.0043499275012083135,0.999999999999932
F,0.03111890778735413,G,0.048508885668522614,3,G,F,0.0014499758337361043,0.9999999999999327
T,0.040271527724811226,D,0.02219510334833346,1,D,T,0.0004833252779120348,0.9999999999999336
L,0.16909465334451987,W,0.004423766303104264,1,W,L,0.0004833252779120348,0.9999999999999389
Q,0.03310197544046983,S,0.06437342689344824,4,S,Q,0.0019333011116481392,0.9999999999999395
F,0.03111890778735413,M,0.01014415376401495,0,M,F,0.0,0.9999999999999439
M,0.01014415376401495,F,0.03111890778735413,0,F,M,0.0,0.9999999999999439
W,0.004423766303104264,I,0.06704294104187324,0,I,W,0.0,0.9999999999999443
P,0.08992449088551598,D,0.02219510334833346,4,D,P,0.0019333011116481392,0.9999999999999483
D,0.02219510334833346,P,0.08992449088551598,4,P,D,0.0019333011116481392,0.9999999999999483
V,0.06955991152467393,H,0.01883914270459919,2,H,V,0.0009666505558240696,0.9999999999999497
Y,0.022576462512394174,L,0.16909465334451987,7,L,Y,0.0033832769453842437,0.999999999999952
E,0.0414918770498055,E,0.0414918770498055,3,E,E,0.0014499758337361043,0.9999999999999536
Q,0.03310197544046983,E,0.0414918770498055,2,E,Q,0.0009666505558240696,0.9999999999999553
Y,0.022576462512394174,P,0.08992449088551598,4,P,Y,0.0019333011116481392,0.9999999999999565
N,0.024101899168637024,S,0.06437342689344824,3,S,N,0.0014499758337361043,0.9999999999999609
T,0.040271527724811226,M,0.01014415376401495,0,M,T,0.0,0.9999999999999633
M,0.01014415376401495,T,0.040271527724811226,0,T,M,0.0,0.9999999999999633
H,0.01883914270459919,S,0.06437342689344824,2,S,H,0.0009666505558240696,0.9999999999999644
Q,0.03310197544046983,V,0.06955991152467393,4,V,Q,0.0019333011116481392,0.999999999999969
I,0.06704294104187324,N,0.024101899168637024,3,N,I,0.0014499758337361043,0.9999999999999691
Y,0.022576462512394174,K,0.07688200747463962,3,K,Y,0.0014499758337361043,0.9999999999999758
I,0.06704294104187324,G,0.048508885668522614,6,G,I,0.0028999516674722086,0.9999999999999858
Y,0.022576462512394174,W,0.004423766303104264,0,W,Y,0.0,0.9999999999999899
W,0.004423766303104264,Y,0.022576462512394174,0,Y,W,0.0,0.9999999999999899
E,0.0414918770498055,C,0.0040424071390435514,0,C,E,0.0,0.9999999999999913
C,0.0040424071390435514,E,0.0414918770498055,0,E,C,0.0,0.9999999999999913
H,0.01883914270459919,C,0.0040424071390435514,0,C,H,0.0,0.9999999999999916
Y,0.022576462512394174,F,0.03111890778735413,1,F,Y,0.0004833252779120348,0.9999999999999933
C,0.0040424071390435514,R,0.09022957821676456,0,R,C,0.0,0.9999999999999949
W,0.004423766303104264,K,0.07688200747463962,0,K,W,0.0,0.9999999999999974
W,0.004423766303104264,M,0.01014415376401495,0,M,W,0.0,1.0
W,0.004423766303104264,P,0.08992449088551598,0,P,W,0.0,1.0
F,0.03111890778735413,W,0.004423766303104264,0,W,F,0.0,1.0
E,0.0414918770498055,G,0.048508885668522614,4,G,E,0.0019333011116481392,1.0
W,0.004423766303104264,N,0.024101899168637024,0,N,W,0.0,1.0
D,0.02219510334833346,L,0.16909465334451987,7,L,D,0.0033832769453842437,1.0
W,0.004423766303104264,V,0.06955991152467393,0,V,W,0.0,1.0
P,0.08992449088551598,M,0.01014415376401495,1,M,P,0.0004833252779120348,1.0
E,0.0414918770498055,W,0.004423766303104264,0,W,E,0.0,1.0
N,0.024101899168637024,Y,0.022576462512394174,1,Y,N,0.0004833252779120348,1.0
Y,0.022576462512394174,D,0.02219510334833346,1,D,Y,0.0004833252779120348,1.0
F,0.03111890778735413,L,0.16909465334451987,10,L,F,0.004833252779120348,1.0
Y,0.022576462512394174,I,0.06704294104187324,3,I,Y,0.0014499758337361043,1.0
Y,0.022576462512394174,M,0.01014415376401495,0,M,Y,0.0,1.0
I,0.06704294104187324,Q,0.03310197544046983,4,Q,I,0.0019333011116481392,1.0
K,0.07688200747463962,H,0.01883914270459919,2,H,K,0.0009666505558240696,1.0
F,0.03111890778735413,I,0.06704294104187324,4,I,F,0.0019333011116481392,1.0
K,0.07688200747463962,G,0.048508885668522614,7,G,K,0.0033832769453842437,1.0
F,0.03111890778735413,C,0.0040424071390435514,0,C,F,0.0,1.0
E,0.0414918770498055,M,0.01014415376401495,0,M,E,0.0,1.0
G,0.048508885668522614,E,0.0414918770498055,4,E,G,0.0019333011116481392,1.0
H,0.01883914270459919,R,0.09022957821676456,3,R,H,0.0014499758337361043,1.0
W,0.004423766303104264,E,0.0414918770498055,0,E,W,0.0,1.0
M,0.01014415376401495,Y,0.022576462512394174,0,Y,M,0.0,1.0
D,0.02219510334833346,N,0.024101899168637024,1,N,D,0.0004833252779120348,1.0
G,0.048508885668522614,T,0.040271527724811226,4,T,G,0.0019333011116481392,1.0
T,0.040271527724811226,A,0.07207688200747464,6,A,T,0.0028999516674722086,1.0
S,0.06437342689344824,K,0.07688200747463962,10,K,S,0.004833252779120348,1.0
C,0.0040424071390435514,W,0.004423766303104264,0,W,C,0.0,1.0
M,0.01014415376401495,W,0.004423766303104264,0,W,M,0.0,1.0
H,0.01883914270459919,E,0.0414918770498055,1,E,H,0.0004833252779120348,1.0
D,0.02219510334833346,R,0.09022957821676456,4,R,D,0.0019333011116481392,1.0
C,0.0040424071390435514,S,0.06437342689344824,0,S,C,0.0,1.0
T,0.040271527724811226,N,0.024101899168637024,2,N,T,0.0009666505558240696,1.0
G,0.048508885668522614,R,0.09022957821676456,9,R,G,0.0043499275012083135,1.0
G,0.048508885668522614,N,0.024101899168637024,2,N,G,0.0009666505558240696,1.0
C,0.0040424071390435514,M,0.01014415376401495,0,M,C,0.0,1.0
N,0.024101899168637024,M,0.01014415376401495,0,M,N,0.0,1.0
H,0.01883914270459919,H,0.01883914270459919,0,H,H,0.0,1.0
H,0.01883914270459919,I,0.06704294104187324,2,I,H,0.0009666505558240696,1.0
A,0.07207688200747464,T,0.040271527724811226,6,T,A,0.0028999516674722086,1.0
W,0.004423766303104264,C,0.0040424071390435514,0,C,W,0.0,1.0
A,0.07207688200747464,V,0.06955991152467393,10,V,A,0.004833252779120348,1.0
D,0.02219510334833346,M,0.01014415376401495,0,M,D,0.0,1.0
C,0.0040424071390435514,C,0.0040424071390435514,0,C,C,0.0,1.0
M,0.01014415376401495,C,0.0040424071390435514,0,C,M,0.0,1.0
W,0.004423766303104264,F,0.03111890778735413,0,F,W,0.0,1.0
R,0.09022957821676456,S,0.06437342689344824,12,S,R,0.005799903334944417,1.0
V,0.06955991152467393,K,0.07688200747463962,11,K,V,0.005316578057032383,1.0
C,0.0040424071390435514,F,0.03111890778735413,0,F,C,0.0,1.0
C,0.0040424071390435514,I,0.06704294104187324,0,I,C,0.0,1.0
M,0.01014415376401495,D,0.02219510334833346,0,D,M,0.0,1.0
H,0.01883914270459919,M,0.01014415376401495,0,M,H,0.0,1.0
V,0.06955991152467393,A,0.07207688200747464,10,A,V,0.004833252779120348,1.0
R,0.09022957821676456,W,0.004423766303104264,0,W,R,0.0,1.0
M,0.01014415376401495,Q,0.03310197544046983,0,Q,M,0.0,1.0
