,pair,count,expected,multiple
248,DC,8,2.896656470327396,2.7618048884808895
338,HW,2,0.7397603419737918,2.703578289508869
6,RG,61,23.46188154911697,2.5999619797030236
307,YC,4,1.628688474018502,2.455963840728058
8,QA,56,22.899010993576546,2.445520464430044
1,PS,67,27.493318793821892,2.4369557019451493
245,WT,8,3.3248292734889895,2.4061385839535174
190,EM,11,4.658991983831378,2.3610257407985533
3,PR,65,27.744428731283026,2.342812700508399
169,IY,12,5.146370196707173,2.3317405358203764
5,RA,63,27.105495636602505,2.32425190982033
302,YM,4,1.7483250230282081,2.2879041066813484
288,NC,5,2.193017276676995,2.2799637983592778
335,DW,3,1.334686453773558,2.2477189241848543
230,MF,8,3.613652423599701,2.2138266391516663
216,PM,9,4.140094609936177,2.173863364957919
259,TC,7,3.2742017180289364,2.1379257000127616
290,FM,5,2.395634345024726,2.0871298703761045
282,QC,6,2.9128281132198666,2.0598537801695227
125,RN,17,8.392400220464314,2.025642194535316
57,NG,29,14.92276864730456,1.9433391139008347
242,MQ,8,4.174954244965579,1.9161886647373203
7,PA,58,30.319915269345966,1.912934105678031
272,MN,6,3.172007967253681,1.8915463207977972
227,GM,8,4.310607506277915,1.8558868995492863
20,PG,48,26.244207822861362,1.8289749998926292
182,LC,11,6.087009623372478,1.8071270920556723
76,TE,24,13.572358707622453,1.7682998598114872
34,QG,35,19.820847060908473,1.7658175703816668
287,IM,5,2.8477762792450196,1.7557558985376343
192,PH,11,6.322819450944519,1.7397302082312016
243,AM,8,4.60424800379071,1.7375258659858337
92,ED,21,12.093091167985332,1.7365287095159252
269,KC,6,3.500253865122979,1.7141613812029015
304,NM,4,2.354107026549763,1.6991580904724193
27,VG,42,24.825882928660103,1.6917827301728443
226,QH,8,4.775287491121718,1.6752918049172354
24,PV,43,25.993097885400225,1.6542853102612365
114,CP,18,10.938269928520405,1.6455984463381055
19,EG,48,29.533516836853334,1.625272068516517
322,GW,3,1.8502763168471295,1.6213794516442817
292,DM,5,3.109432571653616,1.6080104278771892
286,QM,5,3.126792114858721,1.599082963091685
246,WV,8,5.019572093146991,1.5937613508773112
74,FG,24,15.186011804542431,1.580401774271052
22,VA,45,28.68132549339068,1.5689651445979995
189,DN,11,7.050626266673361,1.5601450968964832
11,AP,52,33.41839103217922,1.5560294315165617
140,KF,15,9.706046193604786,1.5454284577672157
4,LG,64,41.42011890628751,1.5451428361371724
100,PQ,19,12.355896666356957,1.5377273307678128
341,MC,2,1.3031774844889952,1.534710370463655
142,LH,15,9.979037479385264,1.5031509833475485
187,IF,11,7.356386313881768,1.4952993943837072
150,PN,14,9.387648431239418,1.4913212933509514
219,ND,9,6.110427103128388,1.472892131450553
46,SE,31,21.080566771768094,1.4705486970832489
278,WI,6,4.08329818030585,1.4694004050300788
160,VN,13,8.880308466630625,1.4639131116728508
69,IG,26,18.05215569860451,1.4402712027356315
173,SH,12,8.337139174335991,1.4393426508866858
25,AG,42,29.186492789192744,1.4390218209277916
164,TF,13,9.07921377904184,1.431842042315247
37,KG,34,23.818088070519636,1.4274865345754943
298,TM,5,3.5147106923081903,1.4225921954095135
121,AD,17,11.950995207351001,1.4224756771338491
60,DG,28,19.710804295583415,1.4205407136163357
171,IQ,12,8.499039937591279,1.4119241806270335
329,MH,3,2.1364278627181856,1.404213103728711
2,LA,67,47.85263491896661,1.4001318864354584
177,MK,12,8.584872043061058,1.3978076714258434
47,TG,31,22.27987679914181,1.3913900996613264
18,SG,48,34.60507054439257,1.387079963857434
38,RS,34,24.578565803417437,1.3833191192658034
240,WP,8,5.802908832974238,1.3786189358242353
21,EA,47,34.12005171362669,1.3774891197257297
297,MD,5,3.6310571312389524,1.3770094546251193
254,SC,7,5.085485097176434,1.3764665250688757
26,AS,42,30.575643819885432,1.3736423751994562
285,FH,5,3.6586515191512925,1.3666237338613392
103,EQ,19,13.904518844436103,1.366462242424365
165,CG,13,9.553115112202523,1.3608126613479883
370,WC,1,0.7447915986611462,1.34265746525286
105,SD,19,14.169740613000783,1.3408855192851898
273,CQ,6,4.497651594778372,1.334029520420347
67,LQ,26,19.500787090570594,1.3332795173468683
207,YE,9,6.751307981615928,1.333075016649714
127,DE,16,12.007342263477339,1.332518025130932
157,NT,13,9.789863435449558,1.327904121004016
336,CM,2,1.5070296901732638,1.3271138671263067
154,EN,14,10.564246209060883,1.3252246987572378
267,YD,6,4.538031824936359,1.3221590838191495
51,ST,30,22.70214883113487,1.3214608107430117
31,VP,37,28.425514138384862,1.301647520599687
62,DR,27,20.837550468515442,1.2957377135472679
309,WE,4,3.087341468239776,1.2956130836672786
10,LV,53,41.02380275384757,1.2919328887673438
50,RV,30,23.237393477376155,1.2910225937865145
293,CF,5,3.892964720649753,1.2843681766439121
98,KT,20,15.625507237627454,1.2799584484424558
220,AH,9,7.031682021341333,1.2799213577469475
82,PT,22,17.217127506950757,1.2777973556342859
56,RK,29,22.713587976647585,1.276768779543577
147,IE,14,10.996933905700441,1.273082126350043
54,KV,30,23.590191742072562,1.271714970696728
131,HA,16,12.621490762154297,1.267679096036437
138,IT,15,11.842851898446627,1.2665868093788695
211,EH,9,7.11528791309862,1.2648820553602322
146,YG,14,11.082694858262794,1.2632306653793852
141,AF,15,11.893710628765737,1.261170753870663
359,WM,1,0.7995008312840017,1.2507804380815912
43,TA,32,25.73992636093199,1.243204799861803
59,TS,29,23.340302731191247,1.242486026594904
200,QF,10,8.077141061866774,1.2380618245249289
84,AE,22,17.779701078401764,1.2373661347279301
128,QT,16,13.003175917779505,1.2304686256011408
66,PI,26,21.14474447749674,1.2296199666858334
30,ES,38,30.939184713779134,1.2282159452985277
102,NS,19,15.63302799901631,1.215375549842011
70,IP,25,20.669629697101872,1.2095040098132623
188,TD,11,9.12294268345625,1.2057512999558408
266,CE,7,5.819525226594423,1.2028472645862882
88,IK,21,17.476399996735374,1.2016204712596896
80,KI,23,19.19003955436371,1.1985384362988416
12,LS,52,43.39153771586057,1.1983903483787541
107,QI,19,15.969495031409084,1.189768365413588
186,DQ,11,9.279939510113978,1.1853525540776824
170,VD,12,10.165455988207484,1.1804684427261003
167,RQ,13,11.04596435052882,1.176900412445893
300,NY,5,4.254233848912635,1.1752997549201438
124,KE,17,14.509399577796922,1.1716542720357865
104,VT,19,16.286656268703904,1.1665991893320669
301,AC,5,4.2891828215717505,1.165723217684569
148,NI,14,12.023153149594743,1.1644200007942085
86,IS,22,18.911360361393832,1.163321917597816
72,DS,24,20.648953469612657,1.1622865069321213
353,HM,2,1.7234271735114064,1.1604783948747244
53,VS,30,26.007487758925084,1.1535139525233378
289,IH,5,4.349169994119143,1.1496446463948053
68,QP,26,22.69477262837582,1.1456382677080261
16,LR,50,43.787853868300516,1.1418691619457666
109,GE,19,16.645782951925447,1.141430238209506
268,WS,6,5.30928234771802,1.130096236561775
41,EV,33,29.25093411932702,1.1281690993312878
194,KD,11,9.752794158414442,1.1278818994154105
351,PW,2,1.7770857112634288,1.1254381188952833
291,HF,5,4.45196350731329,1.123099951692426
270,WR,6,5.357774622088279,1.1198679345831466
95,IV,20,17.879428988043767,1.118603956165171
9,LP,53,47.42583290864666,1.1175344058182488
257,CT,7,6.267181013255533,1.1169296028301245
52,RP,30,26.86373925165086,1.116746991882614
222,HT,8,7.1670983856446355,1.116211829326025
174,HV,12,10.820335146913761,1.10902294957312
217,QD,9,8.116043607619293,1.1089146923201416
33,GA,35,31.568663681279467,1.108694379761008
117,RT,17,15.391823175254853,1.1044825428692933
55,LT,30,27.173061323702846,1.1040346040742652
256,TY,7,6.351623366193028,1.1020804598172498
332,CY,3,2.7234346811529275,1.1015501934968355
185,CS,11,10.00780214158606,1.09914243351105
314,VC,4,3.648357182106821,1.0963838791930223
155,YA,14,12.803829756516068,1.0934228481814343
137,AQ,15,13.74113828814055,1.0916126222924285
229,ID,8,7.391817433996791,1.0822778121123537
61,KS,27,24.951726217153787,1.0820894620684827
212,AY,9,8.320585039509806,1.0816547102474203
315,RM,4,3.701175131521642,1.0807378353791932
130,LN,16,14.816126929677916,1.0799043552975163
196,MA,11,10.24484603415472,1.0737106212555771
178,GD,12,11.188808597166156,1.0725002484213821
260,LM,7,6.5341355389457485,1.0712970305371743
65,LE,27,25.232128372009786,1.0700643085642878
334,LW,3,2.804698924959606,1.0696335258313714
241,PY,8,7.481788393072842,1.0692630664891505
139,SF,15,14.10182094559275,1.0636924165944652
280,RH,6,5.652494524345649,1.0614782507364888
106,GT,19,17.926227794381248,1.0598995069088273
218,KN,9,8.51981658655977,1.0563607688688665
83,IA,22,20.85564307770575,1.0548703733579687
40,GP,33,31.287099893933167,1.0547478069835095
91,VI,21,20.002011662836058,1.0498943983228555
199,RD,10,9.606938249626157,1.0409143621162693
310,PC,4,3.8567910907492533,1.0371316220871392
44,AR,32,30.8549061404886,1.0371122133477755
179,YS,12,11.610183278896502,1.0335754149387166
29,DL,41,39.68274289733992,1.0331947089964988
253,KY,7,6.790141888602506,1.0309062925105805
195,PD,11,10.746217580067619,1.023615976322972
203,GN,10,9.774285760735925,1.0230926581020157
143,NV,15,14.779984550826427,1.0148860405379294
134,FS,16,15.9088003938656,1.0057326513550051
35,EP,34,33.815731863982954,1.0054491837337198
0,SL,70,69.66859884378935,1.0047568224668004
247,TN,8,7.969592829526191,1.0038153982423235
197,FT,10,9.96256024665026,1.003758045364125
15,VL,50,49.98066617089912,1.0003868261586344
63,GV,27,27.063643083738636,0.9976483918465183
144,FV,15,15.040708943802208,0.9972934158918764
181,CA,11,11.03670732663437,0.9966740690363525
319,GC,4,4.015635919534169,0.9961062407430644
233,DF,8,8.032297825064783,0.9959790055388638
108,AT,19,19.147370392124976,0.9923033612915543
378,NW,1,1.0104720673837237,0.9896364603023242
295,WG,5,5.068064367517248,0.9865699480942876
120,NA,17,17.24026436706506,0.9860637654997885
13,PL,52,52.836106328361225,0.9841754741887098
110,ET,19,19.375030427317423,0.9806436212462069
261,MI,7,7.144632485912955,0.9797564834582988
149,RE,14,14.29240723416522,0.9795410787438077
214,CK,9,9.248427927564073,0.9731383615129164
209,FE,9,9.250948800460955,0.9728731824298442
152,NK,14,14.446821659044108,0.9690712829721695
221,MS,9,9.289762702450767,0.9688083849144689
271,FD,6,6.2182172968060145,0.9649067753038959
263,YT,7,7.270639364817153,0.9627764009136824
180,HS,11,11.444842971840911,0.961131579268024
204,AN,10,10.440114447164627,0.9578439058889671
151,FK,14,14.701668935408348,0.9522728379688643
176,YP,12,12.689631232461348,0.9456539579576432
73,PK,24,25.407174697990907,0.9446150658340543
112,IR,18,19.08408707195457,0.9431941874994003
183,VQ,11,11.688142625146895,0.9411247238148545
71,TP,24,25.510349612756336,0.9407946329359166
64,AV,27,28.907230468589574,0.9340223730300985
36,SR,34,36.583230857651515,0.9293875691924782
279,IN,6,6.457321640963045,0.9291778129709457
296,ME,5,5.401986133532846,0.9255854932619105
49,SK,31,33.501375949012036,0.925335127941639
93,DA,21,22.771878662390165,0.9221900534137052
116,DV,18,19.52220729668063,0.92202688591779
133,FP,16,17.387909001913524,0.9201796488720532
198,HG,10,10.924866499583969,0.915342993013307
184,QE,11,12.07437763793811,0.9110200401085371
251,CI,7,7.696867033482113,0.9094609494420685
235,MG,8,8.867698542198905,0.9021506495659759
32,SA,36,39.979214228053145,0.900467923022335
136,ML,16,17.85287886096276,0.8962140013723904
349,FC,2,2.231702912394729,0.8961766321548148
312,HD,4,4.473405836066155,0.8941732868837001
89,TR,21,23.553481140211495,0.8915879514789818
126,TI,16,17.950715262115235,0.8913293852845967
210,MP,9,10.153471319048647,0.8863963581711556
14,AL,52,58.759656483836025,0.8849609257723364
87,EI,21,23.794913957857297,0.8825415396413152
244,NE,8,9.090587475774589,0.8800311334464485
78,VR,23,26.245026874287632,0.8763565040405122
90,VK,21,24.03408587745161,0.8737590481734052
324,RC,3,3.447906537762774,0.8700931905035324
352,CH,2,2.3015601178073797,0.8689757806132538
28,RL,41,47.23459273602891,0.868007907448869
111,QS,18,20.764233795407062,0.8668752325444103
123,QV,17,19.631197150364944,0.8659685840750659
208,TQ,9,10.48947094640656,0.8580032344799223
145,FA,15,17.544389005787615,0.8549742025813346
347,SW,2,2.3432285255771217,0.8535232386296652
201,LY,10,11.808188952185006,0.8468699171814645
277,QN,6,7.0899889633966025,0.8462636586567518
58,SV,29,34.273962165778414,0.8461233591765962
316,DH,4,4.748775715962442,0.8423223667006378
17,EL,50,59.45830205182004,0.8409254599370027
75,EK,24,28.591574445098935,0.8394081286458849
234,RF,8,9.560889414397273,0.8367422373856969
81,KA,23,27.517020786083652,0.8358462995976631
325,NH,3,3.5952303267058583,0.8344388891347498
129,CL,16,19.232792593408714,0.8319124704481747
262,EY,7,8.419515840143173,0.831401725812415
367,WH,1,1.2210106008100927,0.8189937084383536
161,PE,13,15.987332685025704,0.8131437717672727
224,SY,8,9.865331691016722,0.8109205296447076
99,AI,19,23.515319509251466,0.8079839184207114
23,GL,44,55.012200927708506,0.7998225713205034
205,HP,10,12.50891853620176,0.7994296206390058
42,LK,32,40.09906506482103,0.7980235935244696
163,SQ,13,16.2922302195018,0.7979263627418547
115,DP,18,22.568774202033314,0.7975621466574071
252,MV,7,8.782850592457551,0.797007751220474
96,KR,20,25.17962254560086,0.7942930821849912
231,CR,8,10.099208296977595,0.792141301055665
339,MY,2,2.528033784601356,0.7911286677347069
236,VF,8,10.116730015825425,0.7907693481476464
48,SP,31,39.622635974160964,0.7823810616793888
215,HR,9,11.54937432451112,0.7792629927059677
276,GY,6,7.789931449914365,0.7702250062888497
158,LF,13,16.879003312890962,0.7701876561675618
318,YQ,4,5.217784944309692,0.7666088278249644
331,VM,3,3.916350030208157,0.7660193743817499
122,YL,17,22.31221639031023,0.7619144464457048
162,NP,13,17.086496878550143,0.7608347159984441
299,GH,5,6.583229504144497,0.7595056494464049
39,TL,34,44.854923703080885,0.7579992828672383
168,DI,12,15.880834471711466,0.7556277991169547
79,FL,23,30.573212185494405,0.752292557957402
284,HE,5,6.655162786670019,0.7512964235848246
344,YH,2,2.6700702528984457,0.749043961606979
239,PF,8,10.69470784930636,0.7480335239376236
213,EF,9,12.035125482338907,0.7478110646380182
250,MR,7,9.37461065219212,0.7466976773444078
376,QW,1,1.3421378284619083,0.7450799603390967
308,FN,4,5.432091563057621,0.736364612703339
303,SM,4,5.459043267920614,0.7327291255421075
85,NL,22,30.043238351271153,0.7322779170065454
193,VE,11,15.1233236780822,0.727353340717159
135,GI,16,22.015606610601353,0.7267571719915903
132,TV,16,22.066698390121562,0.725074486320192
232,GF,8,11.135177399576385,0.7184438750211868
101,GK,19,26.453588211154976,0.7182390475099352
237,KQ,8,11.213668058716188,0.7134150893455189
305,DY,4,5.6192234032060675,0.7118421377797127
175,LD,12,16.960298933904284,0.7075346989321953
294,VY,5,7.077447488494367,0.7064693885936105
206,GQ,9,12.86478352184653,0.6995842553212428
321,KH,4,5.738312680385251,0.6970690205977854
94,GR,20,28.887103801790875,0.6923504736656946
156,RI,13,18.90304686145734,0.6877198207928348
317,MT,4,5.817523528419988,0.6875777949945621
320,WA,4,5.855131282296056,0.6831614539702384
228,YR,8,11.716224765518739,0.682813803943424
274,HI,6,8.80207595305048,0.6816573762829913
281,YI,6,8.92923697608808,0.6719499119653352
306,VH,4,5.9811131098979935,0.6687718366971694
323,YF,3,4.516279725116413,0.6642635493359905
372,TW,1,1.5086472022971391,0.662845493948056
258,HK,7,10.576428657349936,0.6618491200368899
238,FI,8,12.235246017202487,0.653848724312709
264,YK,7,10.72922323618866,0.652423744562389
45,KL,31,47.95172490350444,0.6464835219667862
249,SN,8,12.378359385113926,0.6462892012669069
340,HY,2,3.114498251353428,0.6421580102447916
97,ER,20,31.22176743130545,0.6405787258522204
265,YV,7,10.976653371640555,0.6377171404615275
113,AK,18,28.255618387182178,0.6370414461771428
202,NR,10,15.775812095494441,0.6338817893790705
357,RW,1,1.5886848153965367,0.6294514747724831
172,DK,12,19.08214763257413,0.628860033527643
118,KP,17,27.271593970832956,0.6233592366541372
379,HC,1,1.605494365370657,0.6228611084344305
373,KW,1,1.6128047859331252,0.6200378425969434
333,WK,3,4.906423452949721,0.6114433515102357
159,TK,13,21.569282102407648,0.6027089792918462
313,RY,4,6.688593316995565,0.5980330706960595
361,VW,1,1.6810460471811057,0.5948677025694027
119,GS,17,28.62565171354074,0.5938729420074136
330,HQ,3,5.14347860959314,0.5832628514104594
77,QL,23,39.90428630564645,0.5763791845274903
311,NQ,4,7.025709772860022,0.5693374946189503
362,WN,1,1.8128650264573474,0.5516130464241861
342,KM,2,3.7573676715760858,0.5322875413895998
191,QR,11,20.95388370595059,0.5249623484774883
355,HN,2,3.907864415209378,0.5117884827876872
371,AW,1,1.9763179611916577,0.5059914546326499
345,YN,2,3.964320192185268,0.5045001168025058
368,EW,1,1.9998161548016484,0.5000459655248584
328,NF,3,6.081138057696976,0.4933287110959207
283,WL,5,10.203271884162547,0.49003888720842265
364,WF,1,2.065273531512794,0.48419736404964675
377,WD,1,2.0752206647169498,0.4818764659595346
166,SI,13,27.881023470997345,0.4662669580090193
275,DT,6,12.930983976052515,0.4640018123223783
346,FY,2,4.329280107183097,0.461970570276019
350,EC,2,4.340180712776042,0.46081030545863405
255,FR,7,16.054103254605824,0.43602559974763727
153,LI,14,33.37185242596864,0.41951521963179245
358,WQ,1,2.3860685773468107,0.41909943808570255
225,QK,8,19.188680692430037,0.41691245626678297
360,IC,1,2.6529051186123898,0.3769452563471449
354,TH,2,5.3677230168688075,0.3725974670665243
223,HL,8,21.994468718249767,0.3637278127733112
337,QY,2,5.650594770553397,0.3539450414003282
327,CV,3,9.46170895681099,0.31706745723143986
374,CN,1,3.41718396309894,0.29263862022023845
348,FQ,2,7.149645891294633,0.2797341337471256
356,CD,1,3.911714701242888,0.25564236565674514
326,AA,3,33.71913506975187,0.08897025364957192
375,TT,1,14.616386300516487,0.06841636362365873
343,PP,2,30.049489182849353,0.06655687182667629
365,VV,1,24.58834381329756,0.0406696769653592
366,RR,1,24.80305387515825,0.04031761592880142
363,IL,1,36.34347145798543,0.02751525817108698
369,LL,1,83.38898325441495,0.011991991759259829
390,FF,0,6.188411581782379,0.0
398,YW,0,0.7504474437881576,0.0
397,FW,0,1.0282971683154345,0.0
396,WW,0,0.34317609554336614,0.0
395,YY,0,3.159492498847244,0.0
394,IW,0,1.222373643968313,0.0
393,KK,0,23.058433642362726,0.0
392,SS,0,36.252122479037354,0.0
391,DD,0,8.070984388942277,0.0
382,MW,0,0.6004624135541947,0.0
389,QQ,0,9.331748162385516,0.0
388,NN,0,5.3379285298748895,0.0
387,MM,0,1.3989033765048813,0.0
386,WY,0,1.4448210979035923,0.0
385,II,0,14.544474807217174,0.0
384,CW,0,0.6468743304631738,0.0
383,GG,0,27.32509517198877,0.0
381,CC,0,1.4039047969110188,0.0
380,HH,0,2.632045854413999,0.0
399,EE,0,17.991099682509038,0.0
