,allele,peptide,ic50,id
8,HLA-C*07:02,GRPPPPRGL,5.94524833556782,Q9Y5W3
3839,HLA-C*07:02,PRVPVLRAL,12.507485267425096,Q8IYG6
22,HLA-C*07:02,PRVPPVEYL,13.682643134354118,P35555
3848,HLA-C*07:02,PRFLERRDL,16.602366624116442,Q9H2G4
35,HLA-C*07:02,RYSPNPNGL,19.461217213920282,Q06455
38,HLA-C*07:02,PRVPPFSTM,20.90114123902354,P11940
3860,HLA-C*07:02,PRLPLQKSL,20.949323345679304,Q9BXD5
3861,HLA-C*07:02,RRRPLVAGL,20.94932334567932,P32970
39,HLA-C*07:02,GRCPGILFL,21.43729577265721,Q6UWB1
3865,HLA-C*07:02,RRGDFIPAL,22.24180352242724,P0C874
42,HLA-C*07:02,PRAPGPQGF,22.55121783070715,P02452
3871,HLA-C*07:02,GRVGRVQVL,24.500220895050287,Q02779
43,HLA-C*07:02,PRAPSSSTL,25.01324287131677,Q5SNV9
3872,HLA-C*07:02,QRVPVTEKL,26.252459671632188,P38606
47,HLA-C*07:02,TRPPPTPVQ,26.556448827609678,Q8TAL5
49,HLA-C*07:02,GRWSGQISF,27.175027985155435,P00751
3874,HLA-C*07:02,RRVEGVFRL,27.175027985155463,Q96Q15
50,HLA-C*07:02,NLPPHPPPL,27.300462215144464,Q9P2R6
3876,HLA-C*07:02,PRLSRTSTL,28.32500531317832,P55198
52,HLA-C*07:02,GRWPSIASL,28.719045388083448,Q99698
56,HLA-C*07:02,PRGPAPAAL,29.796825665303803,Q68DA7
3884,HLA-C*07:02,PRKISRDTL,30.986319887042278,Q9P246
3887,HLA-C*07:02,PGRNAQRVL,31.489807082079963,Q5VYK3
8366,HLA-C*07:02,ARLSLPRGL,31.85444186283997,Q9H1B5
3889,HLA-C*07:02,KRNPKAFAF,32.223298915365326,Q14692
59,HLA-C*07:02,PREGQQEVL,33.0498886027193,Q9UQL6
8367,HLA-C*07:02,PRKVPVIQL,33.12607646439665,Q9NXX6
61,HLA-C*07:02,PRAGLSPTL,34.36924563637178,Q9P0X4
3891,HLA-C*07:02,PRDSRSCGL,34.60748186580943,A2VEC9
8368,HLA-C*07:02,PRNPLTVLL,35.332144668502394,P12318
3893,HLA-C*07:02,PRAPIRGLL,35.33214466850242,Q9H0L4
3895,HLA-C*07:02,PRAEGRSTL,35.823663761890074,Q15018
62,HLA-C*07:02,GRSMSVDIL,36.32202056698282,P49959
63,HLA-C*07:02,PRSPAPLLL,36.658104085364144,P48645
3898,HLA-C*07:02,RRYVAQFIL,37.168069111671,Q9BSE2
3900,HLA-C*07:02,PRSSSTVHL,37.5984550678783,Q8WXI7
65,HLA-C*07:02,PRPNPSPVL,39.461173845516186,Q9C073
3904,HLA-C*07:02,KRFSAKESL,39.461173845516186,Q86VD7
8371,HLA-C*07:02,VRSVPIQVL,39.82630359156104,Q6UW49
3906,HLA-C*07:02,IRPTGVRSL,40.38034266328936,Q5VU92
3908,HLA-C*07:02,PRSLWGRSL,41.79939539573167,P81408
3910,HLA-C*07:02,PRLPRGAEL,42.38088290864172,Q9HA90
8376,HLA-C*07:02,PRAASRPSL,42.773028390024606,Q8N3V7
69,HLA-C*07:02,KRFSLGVAL,43.06951685861307,Q8IZS8
71,HLA-C*07:02,GRNIPMISL,43.36806048708421,Q9UDY4
3917,HLA-C*07:02,KRRMEKQAL,44.2761652830872,Q5VT06
3918,HLA-C*07:02,GRTPLMISK,44.5830729988573,O75179
3919,HLA-C*07:02,PRSEAARVL,44.5830729988573,Q2PPJ7
3920,HLA-C*07:02,PRRPTAEEL,44.68584759636408,Q9BZL6
8379,HLA-C*07:02,PRSLNTSTL,44.89210809728115,Q7Z442
3921,HLA-C*07:02,RGPSDLRVL,45.41193420962407,O75074
72,HLA-C*07:02,LGEPGRPPL,45.72671469948509,Q5SSQ6
8381,HLA-C*07:02,PRLIIVSQL,45.9377796246579,Q06330
8383,HLA-C*07:02,GRIDREDKL,46.46971404262292,Q9Y5G7
75,HLA-C*07:02,PRAPASTDL,46.684208496940705,Q9UKB1
76,HLA-C*07:02,GLRPTVDAL,47.33365052915321,Q6XUX3
3922,HLA-C*07:02,KRLSVLRAR,47.44276586271903,Q96BT1
78,HLA-C*07:02,IYSPAKWQR,47.881748370409525,O00562
3923,HLA-C*07:02,ARFLRRQAL,48.102760479050254,P43007
3925,HLA-C*07:02,GRVLCVLVL,48.54784984173689,Q5VUG0
79,HLA-C*07:02,PRAPAAPLL,48.659764193792256,Q86YV0
8386,HLA-C*07:02,PRAPGLLSL,49.33668894334794,Q5XUX1
3926,HLA-C*07:02,RGPSSLRVL,49.33668894334799,Q15393
81,HLA-C*07:02,NRCTLVTTL,49.67867453334776,Q9HD20
82,HLA-C*07:02,PRAPGILAR,49.90798087630232,A8MTQ0
3929,HLA-C*07:02,GRFPSLVGR,50.138345649245466,Q9BSK4
3930,HLA-C*07:02,PRGDLHVVL,50.25392647279898,Q2NL82
83,HLA-C*07:02,PRAPLSAEL,50.60227004961135,A6NGR9
3933,HLA-C*07:02,TRFPSTPRV,50.602270049611384,Q12815
3934,HLA-C*07:02,PRENRSFYL,50.718920329357864,Q9BQ70
8391,HLA-C*07:02,PRMLFLCTL,51.5430364885229,Q8NGA5
8392,HLA-C*07:02,RRPLTVKIL,51.66185545888686,P59044
8396,HLA-C*07:02,PRSVRNGQL,52.74362803957671,Q96EB1
87,HLA-C*07:02,PRGSGGIGL,53.10922940318975,Q9UQ35
3937,HLA-C*07:02,PRGARGPIL,53.10922940318982,A4D2B0
88,HLA-C*07:02,PRLGVIEGL,53.23165882109794,P10915
8398,HLA-C*07:02,TRFDIPLGL,53.47736499438718,O94913
3939,HLA-C*07:02,PRSPLPRSI,54.09660369627963,Q92610
3940,HLA-C*07:02,SRLPPVTSK,54.47158343910954,O00515
8399,HLA-C*07:02,IRFDLGRKK,55.22935864801868,P27635
8400,HLA-C*07:02,PRFIRPLSL,55.99767556016064,Q8WZ82
3942,HLA-C*07:02,PRRGPGDGL,56.515815672678,Q03468
3943,HLA-C*07:02,PRLGHIQSL,56.64609808297021,O15083
3944,HLA-C*07:02,PYNARRAHL,56.7766808252355,Q9NZD8
96,HLA-C*07:02,ARPSAQAVL,57.0387500766282,Q71RG6
3945,HLA-C*07:02,PRDLREKVL,57.170237975220566,Q7RTW8
97,HLA-C*07:02,GRPSNPLLL,57.302028984723684,Q8WXG6
3946,HLA-C*07:02,IRNRITEVL,57.56652313304365,Q8N4P6
98,HLA-C*07:02,PATPPPRAL,58.23311205456418,Q8NCK7
3949,HLA-C*07:02,PYDDEQLAY,59.179324007243565,Q1RMZ1
101,HLA-C*07:02,RGPPAGLAL,59.17932400724361,Q6PCB0
3950,HLA-C*07:02,PRSVTGRLL,59.17932400724361,Q13309
3951,HLA-C*07:02,PRSRSIYKL,59.315746438369466,Q9UKN7
3952,HLA-C*07:02,KYNHPQQEK,60.00259041114428,Q13769
102,HLA-C*07:02,PRAGQPGAL,60.14091066733264,P0DKB5
3959,HLA-C*07:02,GRNSFEVVR,62.68591940814647,O95395
3961,HLA-C*07:02,PRRPGVQMI,62.83042537651433,Q8WWQ0
104,HLA-C*07:02,PSPSVQRQL,62.975264465542885,Q86UW7
3966,HLA-C*07:02,PRAGTVHIL,63.70448365992665,Q8TEY5
106,HLA-C*07:02,PRDDVPLSL,63.998530196294354,Q9UFC0
107,HLA-C*07:02,FRSVNGLAF,63.99853019629438,P35606
108,HLA-C*07:02,PRGQVDVPL,64.29393398980588,P46934
3971,HLA-C*07:02,GRYDRYIFS,64.73959824940302,Q9Y4J8
8416,HLA-C*07:02,RRSGVLEAL,64.88883843643555,Q96Q27
3974,HLA-C*07:02,NLRDISRVL,65.33862637665503,P06737
3975,HLA-C*07:02,SRLSQARRT,65.94319724292535,Q8IYB8
8417,HLA-C*07:02,RGVPPAPSL,65.94319724292535,Q5SNV9
111,HLA-C*07:02,PRYPAASSL,66.09521201218816,P30520
8418,HLA-C*07:02,KRRQQKIVL,66.55336213454645,P04626
3976,HLA-C*07:02,PRAERLDYL,66.86055849648163,Q9H0A0
3977,HLA-C*07:02,PSRPVPRVL,67.01468800183734,O75161
3978,HLA-C*07:02,PRWLRTAGL,67.32401374722595,Q6PK18
3979,HLA-C*07:02,GRGPARLPA,67.47921162727305,Q9Y5W3
3980,HLA-C*07:02,RGDVRIETL,67.6347672753829,P62191
3984,HLA-C*07:02,SRQSSLLYL,68.57566061216126,O95402
116,HLA-C*07:02,YYSLAPGTY,69.05100438281845,Q8TD57
3986,HLA-C*07:02,PRDLTHQSL,69.52964307908461,P05181
3987,HLA-C*07:02,VRRAVLQAL,70.01159954029305,Q9Y2R9
120,HLA-C*07:02,PRAPSPSSP,70.17299294544803,P49757
121,HLA-C*07:02,PRAPALPAA,70.33475840082596,O15417
3988,HLA-C*07:02,LRDEARQEL,70.33475840082599,P55268
122,HLA-C*07:02,PRQGTISFL,70.49689676409136,Q96EN8
123,HLA-C*07:02,PGRPWAEQL,70.49689676409143,Q6P5Z2
8423,HLA-C*07:02,PRKEAKNYL,70.4968967640915,Q9Y2M5
8424,HLA-C*07:02,PASPVIPRL,70.65940889488577,Q5VWG9
8427,HLA-C*07:02,PRTGLVVLL,71.97306538532511,P29322
3993,HLA-C*07:02,VGSRAIRQP,71.97306538532519,Q5SW79
3994,HLA-C*07:02,LRREQEQQL,72.80647420389923,Q07283
125,HLA-C*07:02,PRAGQPLEF,73.14253361973374,P25325
3995,HLA-C*07:02,PGEPSRREI,73.48014421535292,O75781
3996,HLA-C*07:02,KRVETLEAL,73.48014421535305,Q5SW79
8430,HLA-C*07:02,PKKETVPTL,74.16004761867596,Q8WW12
8431,HLA-C*07:02,HGHIPSIVL,74.3310041843052,Q8NFY4
8432,HLA-C*07:02,PRASLLLAL,74.67410051080267,Q8NGU9
127,HLA-C*07:02,SVRPPVVTE,75.71292072754802,O43424
128,HLA-C*07:02,PRAASPSRL,76.76619237303942,Q92538
4000,HLA-C*07:02,IRSEIQMAK,76.94315672279319,Q9H720
129,HLA-C*07:02,NVFPPPVRG,78.55430669940769,O43184
4003,HLA-C*07:02,DRRGLTTAL,78.73539307839418,Q9Y566
8437,HLA-C*07:02,SKRPDILAL,80.01474029857852,Q12852
4005,HLA-C*07:02,KGRIGVVRF,80.19919332470792,Q68CZ2
132,HLA-C*07:02,PGREAVSKL,80.38407155897697,P42684
133,HLA-C*07:02,PKSPPSQQL,80.7551075750166,Q8IZD2
4007,HLA-C*07:02,PRAQLHIGF,81.31487523881843,P22314
4009,HLA-C*07:02,GRPLIQPRV,84.17245613797108,Q86UU9
4013,HLA-C*07:02,PLIMRQREL,84.56097854272133,Q9H9B4
8446,HLA-C*07:02,NRLFKVIRK,85.54014852592914,P56182
4015,HLA-C*07:02,PLSGLRRIL,85.93498391190752,O75489
4016,HLA-C*07:02,PRPRGGSDL,85.9349839119076,Q6NW40
4017,HLA-C*07:02,PVSPRKVEL,86.13308450904499,Q9HCH0
136,HLA-C*07:02,ARLIAGPGL,86.33164177522227,Q9UKP6
4018,HLA-C*07:02,GRLDKGLVL,86.73013052804609,P08195
8447,HLA-C*07:02,KRFNADNIK,86.93006412744059,Q9NRZ9
8448,HLA-C*07:02,VRTKRDWVL,87.33131507234037,Q07820
137,HLA-C*07:02,PRLVCNTTL,87.53263454523817,Q9P2P6
138,HLA-C*07:02,PKSPPFPAL,87.7344181074507,Q5THK1
4020,HLA-C*07:02,IRRQELQEL,88.34256404067722,Q9NZM3
139,HLA-C*07:02,PRSNNINLL,89.1599877214678,Q02880
4021,HLA-C*07:02,IRGAIIPVR,90.19241172110156,P15880
143,HLA-C*07:02,ARAPASVLL,91.23679062721615,O15021
4023,HLA-C*07:02,PGGTRRPVL,91.44711315107523,Q2NKJ3
4025,HLA-C*07:02,GGFRYRSTR,92.71926921662552,Q6UX52
147,HLA-C*07:02,SRLDPLLSL,94.44304913072628,Q3Y452
4026,HLA-C*07:02,PRLTGVRIS,94.66076284377537,Q8IX06
4028,HLA-C*07:02,PSEERVRAL,95.97762522982347,P31350
4030,HLA-C*07:02,PRKEKSLVL,96.64291034509905,Q92985
4031,HLA-C*07:02,TRLVLDPVR,96.64291034509908,Q9Y2R5
4033,HLA-C*07:02,CLAPDIRSK,97.5371361846415,Q5T7W7
151,HLA-C*07:02,PRNGVLTGL,97.98734714962507,Q9Y289
154,HLA-C*07:02,PGHIASVTL,98.43963619400392,Q9BSU1
155,HLA-C*07:02,PRSAAGINL,99.35048693313738,Q08211
4035,HLA-C*07:02,RREPFALVR,99.57951345867359,Q9C0C7
4036,HLA-C*07:02,GRVLFIKDY,100.26976567039276,Q13829
8460,HLA-C*07:02,GRPTGTLEL,101.43083483562401,Q8TE73
4041,HLA-C*07:02,PRQARMLLL,101.89901829698765,Q96G79
4042,HLA-C*07:02,VRRDIQKQV,102.13391979406653,Q15392
157,HLA-C*07:02,PRTGPGAEL,102.13391979406653,Q9C029
159,HLA-C*07:02,HLLGSKSTM,102.84187830461552,Q9Y2I7
160,HLA-C*07:02,VRPQPPTSL,103.07895331848623,Q6NUS6
4044,HLA-C*07:02,KRKDFGIMY,103.07895331848623,Q6ZMG9
161,HLA-C*07:02,PRSYPSNAL,103.79346248848059,Q15652
4045,HLA-C*07:02,LRPRGEIGL,103.7934624884807,Q05707
4046,HLA-C*07:02,GRPCLLKSL,104.03273113044607,P51648
8462,HLA-C*07:02,DLRPPPVSL,105.23737338210337,Q9BQC3
8463,HLA-C*07:02,RFFGPSPSL,105.47997058244192,P08F94
4047,HLA-C*07:02,ARLSPKLIL,105.47997058244215,Q5JV73
162,HLA-C*07:02,PRSLNIASL,105.9668440052218,Q9H9P5
8467,HLA-C*07:02,PYRTLDVVL,106.21112280901748,Q66K14
4050,HLA-C*07:02,PRISVKTVL,106.21112280901748,Q8TAG6
4051,HLA-C*07:02,IFDGTIITL,106.9473431407078,Q8TEY7
4053,HLA-C*07:02,ARTAFTPRR,107.19388222844604,Q15270
8468,HLA-C*07:02,PGLPGKAKF,107.440989647477,P48751
4055,HLA-C*07:02,LRRDVINVF,107.440989647477,Q96S94
4056,HLA-C*07:02,PRSSLRAPT,108.18573500882326,A4D2P6
164,HLA-C*07:02,ARPAVFPDL,108.9356426983936,Q9BQT9
4057,HLA-C*07:02,ARARDPLAL,108.93564269839372,Q96JQ0
165,HLA-C*07:02,KGDSMQLIY,109.43846677893153,Q5SXM2
4059,HLA-C*07:02,KRKDFLIMY,109.94361178997221,Q8N5B7
4060,HLA-C*07:02,VRGAAREPR,110.96090750472395,A6NCS6
4064,HLA-C*07:02,RRFGRSLDE,113.28437161960859,Q9Y2K1
8470,HLA-C*07:02,RGRPLALVL,114.06962136976047,Q9NPC1
168,HLA-C*07:02,PGAPLRLNP,114.3325790044735,P21333
169,HLA-C*07:02,PRSPALLAA,114.59614281913916,A6NL88
4066,HLA-C*07:02,KRLTVENAL,115.39048533285565,Q9UHB7
8473,HLA-C*07:02,VGAIPPRIR,116.19033396583175,Q8N7U6
4070,HLA-C*07:02,ARAELKKKL,118.07827501698641,P35749
4072,HLA-C*07:02,RRDDNSRGI,118.6232995708994,P78344
4074,HLA-C*07:02,GRPSSLLVR,119.72090744786922,Q8WZ71
4076,HLA-C*07:02,PRAPQQILI,120.55077313293538,Q96RD6
8476,HLA-C*07:02,PRVPLGELT,120.82867136548164,Q86XT4
8477,HLA-C*07:02,PNSPGPLIL,120.82867136548175,Q9NZP6
174,HLA-C*07:02,PARPAVLVL,121.6662157031908,O43306
4078,HLA-C*07:02,VEKSLQRIP,121.94668529642357,Q96AY4
4080,HLA-C*07:02,PRRGPGASL,122.22780143884263,P08913
8479,HLA-C*07:02,IRTGFLFGK,123.35876136095972,Q8NHP7
176,HLA-C*07:02,VHVPPLGQL,123.64313267489165,Q9NXJ5
8481,HLA-C*07:02,INGSPVLRL,124.78718849569668,Q5VV43
8482,HLA-C*07:02,PLSGLRRLL,125.3631799872233,Q9NR77
4083,HLA-C*07:02,RAHPALPPL,125.36317998722357,Q9UMX2
178,HLA-C*07:02,PAGPGRKEL,126.81481719576088,Q13087
8487,HLA-C*07:02,KRLDKLFKE,127.1071555412025,Q70Z53
8488,HLA-C*07:02,TLLPRLLTL,127.1071555412025,Q6NXT6
4089,HLA-C*07:02,PRQLKGVVL,128.57898703489752,O15235
181,HLA-C*07:02,PNLVAERAL,129.47025399432414,A6NK06
4091,HLA-C*07:02,PRRDSQLYA,130.0678615340523,P82930
4092,HLA-C*07:02,PEKEQRKTL,130.36769892117158,Q8N715
183,HLA-C*07:02,PGKVIPKAL,130.66822750485278,P11498
184,HLA-C*07:02,HGPDFLAIL,130.96944887846857,P35410
4094,HLA-C*07:02,PRKSNLISY,131.87728572779744,O94892
185,HLA-C*07:02,NLRCIVSGF,132.18129426846718,Q9H5Z1
4099,HLA-C*07:02,RNLSFVRNR,133.7118815194632,P27540
186,HLA-C*07:02,LRGPSGIIY,134.02011924020957,Q7Z408
4102,HLA-C*07:02,EKVPTVVLL,134.63872800370785,P25189
4104,HLA-C*07:02,GHKAVVVTL,134.94910232626177,Q86UQ4
188,HLA-C*07:02,PRCSLGLGR,134.9491023262619,P0C5W0
4105,HLA-C*07:02,KRPLLAVKL,134.9491023262619,Q96J01
189,HLA-C*07:02,PRITDSPVL,135.57199908085755,Q9NZL9
8492,HLA-C*07:02,RGLRDVAAL,135.88452481543598,Q5UCC4
8493,HLA-C*07:02,IFMYLQGTL,136.1977709962375,P0C7N1
190,HLA-C*07:02,PRLAGSLGF,137.4579934551642,Q13724
191,HLA-C*07:02,WGSGPPAFL,137.77486685578853,Q96I24
192,HLA-C*07:02,GRPVSGTSL,138.7298766089346,Q7Z2K8
4109,HLA-C*07:02,PRSSQRMGI,139.0496820030355,P13385
4110,HLA-C*07:02,PRRGLALVL,139.04968200303566,Q5JS13
4112,HLA-C*07:02,PRVKPELAL,139.69150617343942,Q86XI2
4113,HLA-C*07:02,PINPRFQRL,140.98405576594254,P13010
4114,HLA-C*07:02,PRRPTEAEV,140.98405576594254,Q14767
4116,HLA-C*07:02,RGVHPVTAL,142.9453393484242,Q9BRL7
196,HLA-C*07:02,PRSPPLISV,143.27486238774833,Q8TC20
4117,HLA-C*07:02,RALPVVPAR,143.93618910469627,O95996
200,HLA-C*07:02,GRLLPSVAH,144.93390710336044,P04920
8501,HLA-C*07:02,RGIPGIYGR,145.268014264794,Q9NTJ3
4118,HLA-C*07:02,PLSSRKIEL,145.93854095279912,Q14693
4120,HLA-C*07:02,RGLSDVLKR,146.95013859139956,Q14669
4121,HLA-C*07:02,PSTSRFRTL,147.6284296125185,Q6PIJ6
4122,HLA-C*07:02,ERAAHPLLF,147.96874828984159,Q8NHJ6
8506,HLA-C*07:02,PRLLLLDSL,150.02719862427548,Q6EMK4
8508,HLA-C*07:02,RLYGQTKKM,151.06713748390268,P49591
4123,HLA-C*07:02,PSQRPRPTL,151.06713748390268,O14733
4124,HLA-C*07:02,PRPRGGGLL,151.06713748390283,Q96A09
204,HLA-C*07:02,PRQLPGAVL,151.41538320154984,Q5T447
4126,HLA-C*07:02,KRFEIACYG,152.81641249257117,Q9Y3A5
206,HLA-C*07:02,VASSSVPTR,153.87568525909055,Q5T036
4128,HLA-C*07:02,PRARGAGAL,154.23040534801282,Q5VWX1
4129,HLA-C*07:02,LRSPKVLAI,155.29947944476464,P0C7T3
4130,HLA-C*07:02,RGRDLLEVL,155.65748171825885,Q9NRC6
8514,HLA-C*07:02,ARIIRKYKL,155.65748171825885,Q8IZT6
207,HLA-C*07:02,ERSLGCLLY,156.01630927222558,Q8TDX7
8515,HLA-C*07:02,GRNTNKLTT,156.73644783583546,Q9BY12
208,HLA-C*07:02,ARSDQVVLY,157.45991040802622,P53816
213,HLA-C*07:02,PRATLGEQL,158.55137036440945,O75674
212,HLA-C*07:02,PGVSGPGAH,158.55137036440945,Q8NAC3
214,HLA-C*07:02,PNRASPRSL,159.2832102383638,Q14686
215,HLA-C*07:02,PMSHYQLQL,159.65039595977518,O95376
8517,HLA-C*07:02,RGPQPPSIL,160.3873087053883,Q8N9H9
8518,HLA-C*07:02,ARPSLLILL,160.38730870538848,Q4V9L6
216,HLA-C*07:02,PSPPTRSPL,161.12762288568868,O94953
4137,HLA-C*07:02,GRINPYMSK,161.49906041736602,P18621
4138,HLA-C*07:02,GRKEAAAVL,161.49906041736617,Q9NPH2
217,HLA-C*07:02,IEEDKYDQL,162.24450621041055,Q96EB1
4140,HLA-C*07:02,PRYKPVVLL,162.24450621041072,O60779
4141,HLA-C*07:02,KILPYQLKR,162.2445062104109,Q6ZMI0
218,HLA-C*07:02,PSGPNVAHL,162.2445062104109,Q5THJ4
219,HLA-C*07:02,HVNGVITGL,162.6185184240569,Q86VY9
220,HLA-C*07:02,PRTPGPAPV,164.12320904899394,Q86US8
4145,HLA-C*07:02,RHAPLVVGR,164.88076736178138,O75063
4149,HLA-C*07:02,LKRPHITTL,165.26085678501718,Q8TB72
4151,HLA-C*07:02,RRSSPLLTV,167.55986431092762,Q9UQL6
4152,HLA-C*07:02,PRKVPVIQI,167.9461296904649,Q9NXX6
8526,HLA-C*07:02,PARPLGRLL,167.9461296904649,P49716
222,HLA-C*07:02,HGLGLLYYF,168.72133380318374,Q5TEA6
223,HLA-C*07:02,PSRPSSPSL,168.72133380318428,O43815
224,HLA-C*07:02,PLPMSPPIL,169.11027664642117,Q7Z410
225,HLA-C*07:02,ARPRAPGLL,169.11027664642134,Q8NBB4
4154,HLA-C*07:02,KGVRTLEAL,170.67503477062726,A3KN83
4155,HLA-C*07:02,SREMGDYLK,171.85809759292712,Q9H1J5
4156,HLA-C*07:02,KVYPVTLRT,173.04936101494255,Q8TE85
228,HLA-C*07:02,DRGSCGVTV,174.2488818805143,Q6PF15
8531,HLA-C*07:02,RNCPIIASL,174.2488818805145,Q96Q83
229,HLA-C*07:02,PRLVSASAL,174.2488818805145,P21917
8532,HLA-C*07:02,NHLAVVLDF,174.65056703805686,Q96K49
4158,HLA-C*07:02,VGPSRLVIH,175.0531781755197,Q9UDY4
4159,HLA-C*07:02,GKLLDIRTP,177.4884104615509,Q96QU1
4160,HLA-C*07:02,RVNNLRVRL,179.13069050348346,P55072
4162,HLA-C*07:02,PRTDPKILK,179.54362939215267,Q9UIW2
8537,HLA-C*07:02,HGLGLLYFF,180.3723651312484,Q5TEA6
8538,HLA-C*07:02,RAPVLQQTL,180.3723651312489,Q8N4C6
4163,HLA-C*07:02,LRPRTAVTL,181.20492614071273,Q8NHB1
4165,HLA-C*07:02,IRFVGSIPK,181.62264663635509,O43390
235,HLA-C*07:02,VGTDSPLRY,182.46097868303548,P08865
234,HLA-C*07:02,RGGLPPPPR,182.46097868303548,Q04756
8541,HLA-C*07:02,VLLPFKRGV,182.46097868303585,Q8IUG5
4167,HLA-C*07:02,ARKDNVILR,182.8815946788266,Q01082
8542,HLA-C*07:02,PEELYKPVL,182.8815946788266,P13639
236,HLA-C*07:02,PGRGSPAFL,183.3031802946272,Q9H1R3
237,HLA-C*07:02,VRSRPAASL,184.5737772399123,Q8TDD1
238,HLA-C*07:02,VAAPPRFKG,184.5737772399123,O60500
4172,HLA-C*07:02,PARGTRPDL,185.4257310865429,Q8N539
4173,HLA-C*07:02,IRPHGGCVK,185.85318154246602,Q9NVS2
8544,HLA-C*07:02,SRILIGTRL,186.2816173734564,Q9C0B1
4174,HLA-C*07:02,RGLAHKVVL,186.71104085103846,Q6TDP4
4175,HLA-C*07:02,QVPVHHPSL,186.71104085103875,Q2VWA4
8548,HLA-C*07:02,GRSWSLLEF,188.0052599571935,P78509
4178,HLA-C*07:02,PTRPLQRQV,190.6206736489828,O75064
4179,HLA-C*07:02,PLYMGPITL,191.9419930350253,Q9Y320
8552,HLA-C*07:02,PLQGLVRIE,192.82795702049216,Q3KR16
4180,HLA-C*07:02,PRVKENLWL,192.8279570204924,Q8N2Q7
8553,HLA-C*07:02,QRAAVIEFR,193.7180104299101,Q9NUU7
4183,HLA-C*07:02,RGLSAPRKI,194.16457656392825,Q9NXK8
248,HLA-C*07:02,SLFSTSSKL,195.9611592710017,Q63HK5
4187,HLA-C*07:02,IFDIEHIIF,196.8656748849077,Q9Y3Q0
8556,HLA-C*07:02,PFKGFSVEL,196.8656748849077,Q9Y546
4188,HLA-C*07:02,ILELLQDAL,196.86567488490795,P34059
4189,HLA-C*07:02,ARPLPVHPK,196.86567488490815,P22681
249,HLA-C*07:02,RSPPGAPEL,197.3194971348843,Q86VR2
4191,HLA-C*07:02,PRAVERLLE,199.14527196258203,P24298
4192,HLA-C*07:02,PRATTARLL,200.0644847728951,Q9P107
254,HLA-C*07:02,FCFLTTIGF,200.98794047676185,Q7Z418
255,HLA-C*07:02,PLKADIFAL,200.98794047676205,P30291
256,HLA-C*07:02,PRVPPSLLA,200.98794047676205,A4D2P6
257,HLA-C*07:02,PRVVAAAAL,200.98794047676225,P0C879
4194,HLA-C*07:02,PTHQTVRIF,201.45126553034763,Q5T0F9
8559,HLA-C*07:02,KLDGLKCAL,201.45126553034763,Q9UFE4
258,HLA-C*07:02,IREGATLLY,201.91565865848926,Q8IYI6
4198,HLA-C*07:02,RAVPGPPAR,203.3152711403041,O75326
259,HLA-C*07:02,PRCLLLVLL,204.25373179228245,Q93038
4200,HLA-C*07:02,RRGLPVVRI,204.7245852723631,Q9NUL7
4201,HLA-C*07:02,HRPRGLIAV,205.1965241818151,O60566
8563,HLA-C*07:02,HLLPLLSQR,205.6695510228116,Q6ZVT0
4203,HLA-C*07:02,GRKVTVEVI,206.1436683032941,Q14534
4204,HLA-C*07:02,VRTPALHSV,206.1436683032943,P04114
8564,HLA-C*07:02,CKRSNPGGF,206.61887853698468,Q7Z7K6
262,HLA-C*07:02,PRAAPAAGL,207.57258794786875,O15499
4208,HLA-C*07:02,RASPFKVSL,207.57258794786893,Q12860
263,HLA-C*07:02,PSYPNPSFL,208.5306994813797,O75694
4209,HLA-C*07:02,RGLPLFVQR,208.5306994813797,P36896
4210,HLA-C*07:02,RLAYAHPKL,208.53069948138,P47914
4211,HLA-C*07:02,HLGHPTLPL,210.46021028717223,Q8NFH4
4212,HLA-C*07:02,ELRRFVFQK,211.4316504798049,Q6XYB7
266,HLA-C*07:02,YLPAGRSSL,211.91905077136408,Q5T215
4213,HLA-C*07:02,LGITQRRGL,212.8972246657213,Q9UPA5
8568,HLA-C*07:02,KVFIVPVGF,213.8799136056304,Q96BZ4
4216,HLA-C*07:02,PARGTPRSL,214.37295772657242,Q8WXE0
269,HLA-C*07:02,PPPPPPISM,215.36245834079742,Q75N03
270,HLA-C*07:02,PSSPERSLL,216.8552795851263,Q14142
8572,HLA-C*07:02,GVRHLSPAL,216.8552795851263,Q9C026
4219,HLA-C*07:02,PSFSKRIKL,216.8552795851263,Q9H165
272,HLA-C*07:02,PNRGPIGAL,217.35518263301967,A0PJW6
8574,HLA-C*07:02,KYSLPALLL,219.87203702847043,P30533
273,HLA-C*07:02,PRGSPTLSV,219.87203702847043,Q9UH92
8575,HLA-C*07:02,PAKLMVPRF,220.8869202394772,Q8IVF2
274,HLA-C*07:02,PRTPLSYSI,220.88692023947743,B2RTY4
4223,HLA-C*07:02,RAAPPPPPR,221.9064879385433,A6NFN3
275,HLA-C*07:02,QRIPPPLVI,221.9064879385433,Q6ZUB1
276,HLA-C*07:02,HHIIHQTVL,222.4180352242722,P47211
277,HLA-C*07:02,PRITSPESL,222.93076174828298,Q9NR80
4227,HLA-C*07:02,FNSLQQLKH,222.93076174828298,P12931
4228,HLA-C*07:02,PRSRLGGPS,223.44467022900025,P56975
278,HLA-C*07:02,LHSPANSHL,223.44467022900048,Q8IWZ5
8581,HLA-C*07:02,VRSPVSTSI,223.95976339111604,Q9BX51
279,HLA-C*07:02,HVVANPSPL,224.47604396560212,P01375
8582,HLA-C*07:02,EGDEIRLIY,224.47604396560243,Q5VT25
8584,HLA-C*07:02,FEQRLPQEF,224.99351468972785,O60315
8585,HLA-C*07:02,HLPLPSLEL,224.9935146897281,P0C7Q5
281,HLA-C*07:02,LYNDISPLY,226.032037567535,Q8NI08
4232,HLA-C*07:02,IGRIPDIIK,226.55309522736087,P11498
4233,HLA-C*07:02,PGRRQGLSL,227.598816801852,Q96BT3
4236,HLA-C*07:02,RGRGVYLIR,229.1764564309847,Q6EMB2
283,HLA-C*07:02,RLPLGLPGL,229.17645643098496,Q6VUC0
4241,HLA-C*07:02,GRVFRRMVA,231.29700007379856,Q9NRX2
4242,HLA-C*07:02,IHHNGGITL,231.83019472567287,Q8N5G2
8589,HLA-C*07:02,PFRLLDTKL,232.3646185181616,O95453
8590,HLA-C*07:02,HISHIPSQL,232.9002742847255,A4D1F6
4244,HLA-C*07:02,IGYENAREK,232.90027428472573,Q75QN2
4247,HLA-C*07:02,LGRPVFAHL,234.51466186156242,Q14156
4248,HLA-C*07:02,RRPIEPSGV,235.59713235792395,Q96PU8
291,HLA-C*07:02,PRSPSALGI,236.14023983847926,O43306
292,HLA-C*07:02,VSCPIVQNG,238.3252185758257,P78317
293,HLA-C*07:02,PKADQTSAL,238.3252185758257,P16150
4251,HLA-C*07:02,MVLPLRDTK,238.3252185758257,P51825
4252,HLA-C*07:02,RLPRRPLAF,238.87461494461067,O14545
4255,HLA-C*07:02,IKPDRKIIL,242.19769185580586,Q9UPP2
4257,HLA-C*07:02,FRGQGRAAV,243.31562560732345,Q96S44
298,HLA-C*07:02,PARPAGSYL,243.8765260524216,Q8N5S9
4258,HLA-C*07:02,RGKEAILAR,244.43871950658368,O14777
8599,HLA-C*07:02,HSFIDLPSL,245.00220895050282,P00156
4259,HLA-C*07:02,ARRIESPLK,245.00220895050305,P78406
4261,HLA-C*07:02,LKAGKYPRL,246.133087764762,Q9UP95
4262,HLA-C*07:02,PAALPTRKF,246.7004831309085,P40429
4263,HLA-C*07:02,GKLRQTEAL,247.26918647845832,O00231
4264,HLA-C*07:02,LYSSLSHLL,247.83920082261943,Q8NFM4
301,HLA-C*07:02,NKALDVGLL,248.41052918555215,P98161
4266,HLA-C*07:02,PRNQSLRSI,249.5571400912177,Q9BYK8
4268,HLA-C*07:02,SVDPKNYKP,250.1324287131676,P01584
4267,HLA-C*07:02,RGIPVAQKR,250.1324287131676,P41218
4269,HLA-C*07:02,LGREAIHAL,250.1324287131681,Q9Y4R8
304,HLA-C*07:02,PKSLPVPPG,250.7090435123547,Q9Y242
305,HLA-C*07:02,QTGPVMPVR,251.86626387810463,P26373
4272,HLA-C*07:02,RQHPGHLAL,251.8662638781054,Q96JI7
4273,HLA-C*07:02,VKRGLIDSL,252.44687558013518,P53992
306,HLA-C*07:02,KSFPTSSTY,253.02882573036902,Q6ZTR5
4274,HLA-C*07:02,RGLPGNLLR,253.02882573036925,Q9UK85
4276,HLA-C*07:02,RALLSPRGL,254.7827377602932,Q5SZK8
308,HLA-C*07:02,YAFGETNRF,255.3700726289693,Q6E213
4278,HLA-C*07:02,GLRRVLQAL,255.95876144434988,P08727
4279,HLA-C*07:02,GRPNITALR,255.95876144434988,P09529
4280,HLA-C*07:02,RLSSYIRVI,256.54880732760313,Q7Z7L7
309,HLA-C*07:02,PGRLGGAQL,256.54880732760336,Q86TB9
4283,HLA-C*07:02,RGIDIVENR,259.5195025074845,P00966
311,HLA-C*07:02,GHNVTVQVY,261.31840575945165,Q07954
310,HLA-C*07:02,PKASMTYSL,261.31840575945165,Q96RK0
8607,HLA-C*07:02,RVGALRWEL,261.9208068988644,Q9NSD5
8608,HLA-C*07:02,LRADELIKY,262.5245967163223,Q5VUJ9
312,HLA-C*07:02,PAALPVPSL,263.1297784130577,Q5SQQ9
8609,HLA-C*07:02,RGTFLLQGL,263.1297784130577,P49411
4288,HLA-C*07:02,PRARAEVVA,263.73635519768465,Q9NS84
4289,HLA-C*07:02,IEVRPQCLL,264.9537069020654,P28906
4292,HLA-C*07:02,RKKELELQL,264.9537069020657,O95153
4290,HLA-C*07:02,RLPLRAPAL,264.9537069020657,Q8IV53
4293,HLA-C*07:02,YSSSKKKEL,265.56448827609694,Q8NCM8
4294,HLA-C*07:02,RRDSVIAEI,265.56448827609694,Q5VYV7
4295,HLA-C*07:02,RRESLPVII,265.56448827609694,Q6V0I7
4296,HLA-C*07:02,RAHSPINIL,265.56448827609717,O95785
4299,HLA-C*07:02,IRAVPGLNK,266.17667764660894,Q9H1P6
4300,HLA-C*07:02,PRPRAWGAA,266.7902782593692,O75077
4301,HLA-C*07:02,RTDSNIIRL,267.4052933676254,Q9NXC5
8614,HLA-C*07:02,GLARALQQL,267.4052933676254,Q6IBS0
319,HLA-C*07:02,ELETNQWQL,268.639580121143,Q8TC57
4304,HLA-C*07:02,STRHLQPSL,268.6395801211433,Q9Y566
4306,HLA-C*07:02,PRIPRAEAI,269.2588583104697,Q7Z4N2
4308,HLA-C*07:02,PSSSKYVKL,270.50170073103084,Q99715
4309,HLA-C*07:02,RGPLRALVL,271.12527155169255,Q5K4L6
320,HLA-C*07:02,NFNIAENLY,271.12527155169255,Q9NS00
4310,HLA-C*07:02,LCIPFQMTK,271.75027985155435,Q8TC59
8615,HLA-C*07:02,NLSDARVLY,274.26475423232756,Q9Y371
4314,HLA-C*07:02,IRRGETLGI,275.5307028186201,Q13363
322,HLA-C*07:02,AHSVVDQKL,275.5307028186204,Q9NQZ2
8616,HLA-C*07:02,RGFGPSLVR,276.16586668638763,Q5SNT2
4317,HLA-C*07:02,IRPEVLELR,276.8024947580895,Q9Y3E2
4319,HLA-C*07:02,RALLSRPGL,277.4405904090636,P30038
323,HLA-C*07:02,VPAPLSPRF,278.08015702242926,Q8NDA2
4320,HLA-C*07:02,VRAAKQLVI,278.08015702242926,Q9Y2Q0
8617,HLA-C*07:02,VNILEVRPQ,278.72119798910586,Q86UX2
4322,HLA-C*07:02,FRSKALEFQ,278.72119798910586,Q9ULE0
324,HLA-C*07:02,PGRTPGGQL,281.94863735248475,Q96PG8
4327,HLA-C*07:02,AHKEIHQQL,283.250053131783,Q9P2W9
4328,HLA-C*07:02,PRMQNEIRI,283.250053131783,Q14573
8620,HLA-C*07:02,PVRLFSLTL,283.9030119398297,Q6VY07
4329,HLA-C*07:02,LRSITHLNR,285.2134487023485,Q9NRD8
325,HLA-C*07:02,PSTLNVGTL,285.21344870234884,P43364
4330,HLA-C*07:02,PAREHPFVL,285.21344870234884,P13984
4331,HLA-C*07:02,RTMPAVINR,285.21344870234884,Q96NB2
4335,HLA-C*07:02,ELREKQLKH,287.19045388083464,Q96EA4
4336,HLA-C*07:02,RQIPYTMKM,287.85249625072987,Q00325
4340,HLA-C*07:02,PLHNVSSHL,289.1811630045354,Q16665
8630,HLA-C*07:02,IAPALVSKM,289.1811630045357,P06733
326,HLA-C*07:02,HNNLTDDSY,289.84779443290495,Q8WYA1
329,HLA-C*07:02,PAAIHQIVL,290.51596260542686,Q68CP9
328,HLA-C*07:02,PHSPLASSL,290.51596260542686,Q68CP9
4341,HLA-C*07:02,VHFTQRDFL,291.18567106466253,P26572
4342,HLA-C*07:02,QFPMIKVNL,291.18567106466253,Q99501
8633,HLA-C*07:02,LKVPAPAAL,291.1856710646631,Q8WXE0
8634,HLA-C*07:02,PLRVTELAL,291.1856710646631,P41226
8636,HLA-C*07:02,REAGIQFVP,293.20407371087316,P30038
4344,HLA-C*07:02,VRARAPLEV,293.87997890618703,O75369
4343,HLA-C*07:02,SVRELNFTK,293.87997890618703,Q9Y5Q3
8637,HLA-C*07:02,RGTNLIVNY,295.23646725583666,Q15717
4346,HLA-C*07:02,RVDGRMLQY,295.9170576021397,Q86W92
8639,HLA-C*07:02,RKVDIPLGF,296.59921687122437,Q9Y221
333,HLA-C*07:02,HSPSPFYQL,297.2829486798305,Q8TEK3
334,HLA-C*07:02,YVYCRYDNY,297.28294867983084,Q86V42
4348,HLA-C*07:02,AKHLREDAL,297.2829486798314,Q8TER5
4349,HLA-C*07:02,LRRGVQIAI,297.2829486798314,Q9GZX7
4350,HLA-C*07:02,RPGPPRPPP,297.96825665303805,O00268
335,HLA-C*07:02,LYNDQLNIY,298.65514442428054,Q16820
4353,HLA-C*07:02,RGFEKKVPR,299.3436156353673,Q8N128
336,HLA-C*07:02,YAAIECFLL,299.3436156353673,Q8NGF4
337,HLA-C*07:02,LGSMPKISL,300.0336739365064,Q9UPY3
8645,HLA-C*07:02,KDDPNFYLL,302.8098513406097,Q7RTR0
4356,HLA-C*07:02,RLDRGPPGP,302.80985134060995,Q2QGD7
342,HLA-C*07:02,VGPSRAPAV,303.50790014028337,Q7Z3D6
345,HLA-C*07:02,LKAQGQPPL,306.3162241636552,P07814
344,HLA-C*07:02,PARPPAPLL,306.3162241636552,O60885
343,HLA-C*07:02,RGPALFNVL,306.3162241636552,P40424
4359,HLA-C*07:02,GGPLRARLR,307.02235598747524,O95704
4360,HLA-C*07:02,HVPRAGAVL,307.0223559874758,Q86WA6
347,HLA-C*07:02,IHQLPDNVL,307.7301156132644,Q9Y5S2
8646,HLA-C*07:02,RTAPVLLAL,307.7301156132649,P06744
348,HLA-C*07:02,PEAARRAAL,308.4395067934927,Q6UXH1
8647,HLA-C*07:02,KLPATILNL,308.4395067934927,Q96L50
4361,HLA-C*07:02,PRSARLLLE,308.4395067934927,Q9P2Y4
4363,HLA-C*07:02,GRPLPRTVI,309.86319887042265,P22748
4364,HLA-C*07:02,PRASPLMHI,309.86319887042333,A8MPP1
350,HLA-C*07:02,HKSSLSRVI,311.293462411401,Q96T49
351,HLA-C*07:02,RGLGVFPVD,311.2934624114013,A5YKK6
352,HLA-C*07:02,VPPPPHRLP,311.2934624114016,Q0P670
353,HLA-C*07:02,FGKSYLQEI,312.7303277489273,Q96Q04
8652,HLA-C*07:02,LYLSPLSYK,312.73032774892795,Q8WUT9
8653,HLA-C*07:02,PIRSLEVIL,312.7303277489283,Q5TCS8
4368,HLA-C*07:02,KDERFVVAK,314.17382535551104,Q8WZ60
355,HLA-C*07:02,PLNSKARVP,314.8980708207995,Q8IZA3
4369,HLA-C*07:02,VFLKEKKWM,314.89807082079983,P11532
356,HLA-C*07:02,PFPDVESIK,314.89807082079983,Q8TEQ6
8654,HLA-C*07:02,PRNRSVILI,314.89807082079983,P48060
357,HLA-C*07:02,PSSDRLPSL,315.6239858443133,O60287
4370,HLA-C*07:02,HATKFQDAL,316.35157427478,Q9Y6L7
8657,HLA-C*07:02,AHVPALLPL,316.3515742747803,P05187
4371,HLA-C*07:02,PNENRKESL,317.0808399698017,Q15022
8659,HLA-C*07:02,RVFNVFCGL,318.54441862839946,P14866
358,HLA-C*07:02,KDDPIKELY,319.278739351724,O75592
4375,HLA-C*07:02,RAFYAVQKL,320.75246305292234,Q16891
4377,HLA-C*07:02,RMTPFLRPI,322.2329891536528,Q969E1
8660,HLA-C*07:02,PNNRIKNVL,322.23298915365325,Q8IZT9
359,HLA-C*07:02,DKVFRQLNL,322.9758129102056,O43929
8662,HLA-C*07:02,VETLKMPAK,324.4666015275931,P54840
361,HLA-C*07:02,SKEPVCGVI,325.2145742924408,Q53EL9
362,HLA-C*07:02,PKANGILYL,325.9642713125882,Q96EF0
363,HLA-C*07:02,PKAGPPGIL,326.7156965628528,P35579
364,HLA-C*07:02,WSVMDQDSL,326.7156965628531,Q9Y6D9
366,HLA-C*07:02,KGKFPAEAL,328.2237476988465,Q8N5D0
4380,HLA-C*07:02,VVGAGDRLR,328.9803815801132,Q9NYU1
367,HLA-C*07:02,DYDKYGLGY,328.9803815801132,P53350
368,HLA-C*07:02,AGSEAHVKP,328.9803815801132,Q96EW2
369,HLA-C*07:02,KDTNKVASL,331.2607646439667,Q5CZC0
370,HLA-C*07:02,GYVAAHSVI,332.78979486102315,O75602
4382,HLA-C*07:02,RHPAGPPAR,333.55695456807416,Q7Z7L8
4385,HLA-C*07:02,VDRVNLIAL,334.32588276089297,Q9HB75
371,HLA-C*07:02,PARPGLLSL,336.64331906877874,O95785
4389,HLA-C*07:02,IKNNRQLNY,338.1971940282222,Q12792
372,HLA-C*07:02,AGIRALQQL,338.1971940282225,P50553
373,HLA-C*07:02,VESTSRSSM,338.9768190777352,Q96RU2
374,HLA-C*07:02,PKASVFVQL,339.758241348598,P19838
4392,HLA-C*07:02,LKLPNGFTK,339.75824134859874,Q9NWK9
4394,HLA-C*07:02,GVPEARIPK,342.90198564941164,Q8TAD8
8675,HLA-C*07:02,KDIRGVIIF,342.90198564941187,Q6BDI9
8677,HLA-C*07:02,VHIIPYSAF,345.2788686625592,Q03167
4396,HLA-C*07:02,KPRPIIPPP,345.27886866255966,O94953
8678,HLA-C*07:02,TGGYIPKTP,346.0748186580937,Q9H511
4397,HLA-C*07:02,VHVVISKRL,346.0748186580945,Q8WUY3
4398,HLA-C*07:02,PDRIDIFRR,346.0748186580945,Q9NWB6
377,HLA-C*07:02,PKVPLAAAL,346.87260350786767,O75909
8680,HLA-C*07:02,PRAIPLGTI,347.67222744165406,Q9BXP2
8679,HLA-C*07:02,LKFSGVFVK,347.67222744165406,Q6DKI1
4401,HLA-C*07:02,AHLTGMRAL,347.67222744165434,Q13310
4404,HLA-C*07:02,GRARGSKYV,350.0821761912485,O95786
8682,HLA-C*07:02,PHLVGPIVL,350.0821761912488,P21817
8683,HLA-C*07:02,VAAHVQQIL,351.69808209675165,Q16760
8684,HLA-C*07:02,RDVPFSVSR,351.69808209675165,Q9H936
382,HLA-C*07:02,IPPPPPPMS,352.50882990752535,O14776
8685,HLA-C*07:02,MRVVSEVIK,353.32144668502417,Q9NZN3
8686,HLA-C*07:02,PHPARDLLL,353.32144668502417,Q96QB1
4406,HLA-C*07:02,RSVPKYIFR,354.1359367376607,P13196
383,HLA-C*07:02,VSVPIVAAK,354.13593673766144,Q8N130
385,HLA-C*07:02,PSRNISPGL,354.95230438378127,Q9Y2I7
386,HLA-C*07:02,PRSEALFSI,355.7705539516857,Q8IY92
4407,HLA-C*07:02,GRFAEKAYV,356.59068977964967,Q0ZGT2
388,HLA-C*07:02,FPQPRLPVT,359.0624583568388,Q6DCA0
4408,HLA-C*07:02,NALDPNPPR,360.7198153614591,Q7Z5R6
389,HLA-C*07:02,VLLLIQNAH,361.5513604152832,Q5THR3
4410,HLA-C*07:02,PNLTSVRAR,361.5513604152837,Q76LX8
390,HLA-C*07:02,PSAFSTRVL,362.3848223784292,Q7KZF4
8690,HLA-C*07:02,ALSLLVPRP,363.2202056698283,Q09013
4412,HLA-C*07:02,PSSIHVARL,363.2202056698288,Q7Z408
394,HLA-C*07:02,PSAPISPPR,364.05751471860094,Q99941
8691,HLA-C*07:02,AFTLKVTVL,364.05751471860117,Q9BY64
395,HLA-C*07:02,CMEITMGSL,364.8967539640757,Q53GL7
396,HLA-C*07:02,GAPLLREVL,364.8967539640757,P28070
8693,HLA-C*07:02,LLLLEQDAL,364.89675396407654,Q6PHR2
397,HLA-C*07:02,ARVPTSSSI,365.73792785581634,Q15772
400,HLA-C*07:02,PKAAPPIVF,366.58104085364084,Q4ZG55
4416,HLA-C*07:02,KNKKAMSTL,369.12205923618853,P20929
4417,HLA-C*07:02,SVRVAVEPK,369.1220592361888,Q7Z2Z2
8697,HLA-C*07:02,PSGLRDVAL,369.1220592361888,Q13233
401,HLA-C*07:02,VFSGSSLRP,370.8258492487519,Q9UKK3
402,HLA-C*07:02,PLQGIVREI,370.8258492487519,Q96P26
8698,HLA-C*07:02,RGLMQEVNR,371.6806911167095,Q15834
4419,HLA-C*07:02,RNYEKVVQR,371.68069111670985,O43581
403,HLA-C*07:02,PVPVIKESL,371.6806911167103,P78329
8700,HLA-C*07:02,RLFQSSAVM,374.2570585861399,P68431
4426,HLA-C*07:02,PGGRLRDVA,375.1198102085157,Q5UCC4
405,HLA-C*07:02,ILSSLMLKE,375.1198102085157,P51946
406,HLA-C*07:02,PSREEQQLL,375.11981020851647,A9UHW6
4430,HLA-C*07:02,RFGDTVLLK,375.9845506787832,P43146
4431,HLA-C*07:02,RAKDLVARL,375.9845506787835,Q9H6W3
407,HLA-C*07:02,HNLEKGLSL,375.9845506787835,Q9Y4A5
408,HLA-C*07:02,SMSLTDKLL,377.7200165126329,Q12981
4432,HLA-C*07:02,HNIEGKLSL,378.5907510774834,Q9Y263
410,HLA-C*07:02,PSAIGQPRS,379.4634928928073,P78386
412,HLA-C*07:02,PDAAKLITL,379.4634928928073,O75899
416,HLA-C*07:02,PKAWGCFSL,382.09380816688935,Q96HB5
8708,HLA-C*07:02,PGPHVALIL,382.97462536280517,Q96BM1
8707,HLA-C*07:02,PATPAAVVL,382.97462536280517,Q9NS39
8709,HLA-C*07:02,GHELPLLRL,383.85747305206075,Q9UBU9
417,HLA-C*07:02,KSLEHGITL,383.8574730520616,Q9Y2I7
420,HLA-C*07:02,AHGPSIINK,385.6292786444642,Q9P0V3
421,HLA-C*07:02,KEPRNLVIL,386.51824594154846,Q9NZN5
8710,HLA-C*07:02,RISRGMGIL,387.4092625198958,Q8IZ81
422,HLA-C*07:02,PPPPSVLLL,388.3023331035881,Q9HAB3
424,HLA-C*07:02,GRPGLSSSV,389.1974624275949,Q99700
4438,HLA-C*07:02,VEVPKKHIG,389.19746242759567,Q9NQE9
425,HLA-C*07:02,LGRLITSSL,390.09465523780517,O76031
426,HLA-C*07:02,PTLPIRDIR,390.09465523780517,P11586
8712,HLA-C*07:02,IAQIPVDSL,390.99391629104446,A6NNT2
429,HLA-C*07:02,FSKPQALNF,391.8952503551056,Q495T6
4439,HLA-C*07:02,VHNRGKADL,391.89525035510627,Q3KQV3
4440,HLA-C*07:02,ARGRGAVLL,392.7986622087725,Q9NPC1
431,HLA-C*07:02,PSQSPGDAL,393.70415664184446,Q96KR1
8714,HLA-C*07:02,RKFEAEKAR,393.70415664184446,Q9NRL3
432,HLA-C*07:02,INNAGSLQL,394.61173845516197,P35270
4444,HLA-C*07:02,LKRGVINQL,395.52141246063553,Q8TCX1
4449,HLA-C*07:02,PAGRIRGAL,397.3470563511682,Q5T215
436,HLA-C*07:02,VEATPRDLM,397.3470563511682,Q00005
435,HLA-C*07:02,PKSLPVATP,397.3470563511682,P56559
4448,HLA-C*07:02,VEESLKRVV,397.3470563511682,Q96MN5
437,HLA-C*07:02,HCIVLSATL,398.2630359156102,Q9BX79
438,HLA-C*07:02,PRPASPESI,399.18112703102264,Q8WXD9
4451,HLA-C*07:02,PARTDHPAL,399.18112703102304,O75648
8715,HLA-C*07:02,YVRGVSIYY,400.1013345650333,Q8NGG2
440,HLA-C*07:02,PEGSALRLQ,401.0236633964915,P04844
441,HLA-C*07:02,DNRPILLIK,401.02366339649177,P29728
4453,HLA-C*07:02,KDDDDTSFY,401.9481184154914,Q9NUN5
443,HLA-C*07:02,NFEYNLLEY,401.9481184154917,Q99698
444,HLA-C*07:02,RNVIATTAL,401.9481184154926,O15075
4456,HLA-C*07:02,IRSLGLTIR,402.8747045234037,Q9P202
446,HLA-C*07:02,QPVPHPEFL,402.8747045234037,Q9P2J2
4457,HLA-C*07:02,GAPRDKEEL,403.80342663289343,P24001
447,HLA-C*07:02,GHSHSETAL,403.80342663289343,Q5VST9
448,HLA-C*07:02,PSVAHRVAL,405.6672985639284,Q9P281
8719,HLA-C*07:02,RNCTLVTTL,405.6672985639284,Q8NGP6
4458,HLA-C*07:02,PRQVPKSEI,407.53977373690236,Q93075
8720,HLA-C*07:02,RKIEEPIIL,407.5397737369029,Q9Y620
4459,HLA-C*07:02,GVPFTLRRS,408.4792499415792,O95833
451,HLA-C*07:02,HVKPKPTGV,409.42089186257635,Q9Y5S2
452,HLA-C*07:02,PSRGFPLGL,409.4208918625768,Q9P270
453,HLA-C*07:02,GRGTPMMGI,410.3647044923849,P14678
8724,HLA-C*07:02,LKRNFVVVF,410.3647044923855,Q9BYX4
8725,HLA-C*07:02,VTFSTSSKL,410.3647044923855,Q6UVM3
4462,HLA-C*07:02,PRTARASTV,411.3106928350073,P09848
4464,HLA-C*07:02,PHKFVGKTL,413.2092167323953,P08397
4467,HLA-C*07:02,PKRHGGFIL,414.16176235294665,O00267
456,HLA-C*07:02,PSRSSTVSL,415.11650381793277,Q9HCM3
8728,HLA-C*07:02,RGSSVFSSR,416.07344618929733,Q8IZF4
4468,HLA-C*07:02,VMTLAVLQR,416.0734461892977,Q6ZNA5
4469,HLA-C*07:02,RKFVEVLNR,416.0734461892982,P61266
4470,HLA-C*07:02,VGAATRAPR,417.0325945406557,Q9C029
457,HLA-C*07:02,PYRGGSSEI,417.03259454065613,P15884
458,HLA-C*07:02,GVASGRLLH,417.99395395731636,O75366
459,HLA-C*07:02,EICSQKAVL,417.9939539573169,Q5VU65
4471,HLA-C*07:02,RKFEAVTAR,417.9939539573173,Q86Y38
461,HLA-C*07:02,PSAPPRPWI,418.9575295363106,Q96LI5
8731,HLA-C*07:02,LAEAIERAL,418.95752953631103,Q7KZ85
462,HLA-C*07:02,PARPPTAAP,418.9575295363113,Q96JK4
4472,HLA-C*07:02,GVKLSTRLR,420.891349628205,Q8WXR4
8734,HLA-C*07:02,RFQSGMLLR,421.8616043940264,Q96PE3
4477,HLA-C*07:02,PMSLKKIAF,425.76504175961156,A6NDL8
8735,HLA-C*07:02,RGIDLLQGR,425.76504175961156,P43243
4481,HLA-C*07:02,YLKDGLIKY,428.7163040377639,P38484
467,HLA-C*07:02,FAEIPVSAK,430.6951685861306,Q9H1E1
466,HLA-C*07:02,PKMSLASGL,430.6951685861306,P27816
468,HLA-C*07:02,PRGNLPLII,430.6951685861312,P27987
469,HLA-C*07:02,ASAQPRPVL,431.6880234887228,Q96EP0
8736,HLA-C*07:02,PRIGGFTLL,431.6880234887232,Q86YV0
470,HLA-C*07:02,NVPGLVQSV,431.6880234887237,Q9Y3A4
4484,HLA-C*07:02,PAGASRRIP,432.68316715824255,Q9GZK7
4483,HLA-C*07:02,FEVRHLYTK,432.68316715824255,Q00839
472,HLA-C*07:02,PPPSPVLIL,433.6806048708426,Q15109
473,HLA-C*07:02,HSGLPGVAL,434.68034191483656,A6NDX4
474,HLA-C*07:02,ENTDSPLRY,435.68238359073297,P08865
4485,HLA-C*07:02,VFLAAGRKW,436.6867352112571,O60353
4486,HLA-C*07:02,KVTAESFLL,438.70238959834916,P04843
477,HLA-C*07:02,FSGVHVANF,438.70238959834916,Q9NPH5
478,HLA-C*07:02,KNSVWIVDK,439.71370305171683,Q13402
4489,HLA-C*07:02,PPYLIPRHL,443.78232385241137,Q9Y618
481,HLA-C*07:02,GKRANPQDK,444.8053477636542,P01833
482,HLA-C*07:02,KSTAEEFTY,445.8307299885731,P10745
4491,HLA-C*07:02,RIPRLTAQL,445.8307299885731,O95466
4492,HLA-C*07:02,PGAKRLLVL,445.8307299885731,Q9GZY6
483,HLA-C*07:02,GRPLDTLLV,446.8584759636406,P62314
4494,HLA-C*07:02,RSNGSVFVR,446.8584759636406,Q2M1Z3
8747,HLA-C*07:02,LVFPFLKMP,446.8584759636406,Q92616
8750,HLA-C*07:02,RLSIQEVRR,447.8885911378636,Q96RG2
4496,HLA-C*07:02,EDQVYIEKY,447.888591137864,Q6ZS30
484,HLA-C*07:02,PSRPAALPL,447.8885911378645,Q9Y644
4498,HLA-C*07:02,IVASRLRPA,448.92108097281175,Q9P2K9
4499,HLA-C*07:02,IHPYNIKSL,448.92108097281175,Q13601
4502,HLA-C*07:02,LDLSWESVL,449.95595094264206,Q13029
8754,HLA-C*07:02,REPPVILEI,450.9932065341334,Q8TEQ8
4504,HLA-C*07:02,RPPPPARAP,450.9932065341334,Q8TF74
8755,HLA-C*07:02,HLGQPGLLL,452.0328532467089,Q9C0D5
486,HLA-C*07:02,PSRIPIDSL,452.0328532467098,Q8NEZ4
4505,HLA-C*07:02,RAPAPLRLL,453.0748965924757,Q2QGD7
487,HLA-C*07:02,CPGASQPIL,454.119342096241,O43603
4508,HLA-C*07:02,RFTRQGPLR,455.1661952955519,O43638
8759,HLA-C*07:02,NKIRVPLQK,457.26714699485086,O75319
4513,HLA-C*07:02,RHKVMSQNF,458.321256633876,Q13283
8761,HLA-C*07:02,IKPLGPLSL,459.3777962465795,Q5VYK3
8762,HLA-C*07:02,PFQEILEEY,460.4367714346282,Q8IVF4
489,HLA-C*07:02,ALSPVLIPR,461.49818781260484,O14686
8767,HLA-C*07:02,PVMALLSRL,462.562051008032,Q6PJT7
491,HLA-C*07:02,WALPNGGGY,462.56205100803254,Q8N3U1
4515,HLA-C*07:02,VGMLVGHKR,464.6971404262296,P31629
4516,HLA-C*07:02,PARIESKSM,467.91826712004416,O60749
4517,HLA-C*07:02,RKFDGTVIR,467.9182671200448,Q8N1V2
4519,HLA-C*07:02,PVQEKLLGL,468.9969301267552,Q9H1K0
4521,HLA-C*07:02,VNYAALVEL,473.3365052915322,P0C5W0
499,HLA-C*07:02,VPGPRGPIS,473.3365052915326,P33240
4523,HLA-C*07:02,IRREVSAPA,475.52132733106606,Q7Z6Z7
8774,HLA-C*07:02,PHVVITAVL,475.5213273310666,P31645
8775,HLA-C*07:02,ISRDLLPSL,476.6175172016829,A6NCQ9
503,HLA-C*07:02,VAAEIIPAK,476.61751720168337,Q15392
8777,HLA-C*07:02,RGLTKHTKF,478.81748370409554,Q9Y3U8
504,HLA-C*07:02,PHPFEAQTL,478.81748370409554,Q13610
4525,HLA-C*07:02,PVRAKIHSL,478.81748370409605,P10176
4526,HLA-C*07:02,RAPGLWGQL,479.9212719998947,P50402
506,HLA-C*07:02,PPSPLRFSP,481.0276047905028,Q9HCD6
507,HLA-C*07:02,VAASQYKKP,483.2479273323343,Q13535
4530,HLA-C*07:02,RKFGEITQR,483.2479273323343,O94915
4528,HLA-C*07:02,RKVYNIPVR,483.2479273323343,Q8WV28
4529,HLA-C*07:02,RFCGKTIQA,483.2479273323343,P48745
4532,HLA-C*07:02,LDQSSGRAK,484.36192885548724,B5ME19
4534,HLA-C*07:02,VEVVQKFAK,484.3619288554877,O15213
508,HLA-C*07:02,PSRGSTDSL,484.3619288554877,Q9UQQ2
509,HLA-C*07:02,AHEEDHGSL,488.8436746030702,Q8N9S7
4540,HLA-C*07:02,RGDWARLPG,489.97057565590484,Q8IXQ3
510,HLA-C*07:02,PAAPKAYVL,491.1000744839572,A6NDG6
4542,HLA-C*07:02,RYRFDFVSR,491.10007448395766,Q86TL0
4543,HLA-C*07:02,RLDSRWPKI,491.1000744839582,Q9NX09
4546,HLA-C*07:02,EIQETQMKY,493.3668894334802,Q7Z402
8787,HLA-C*07:02,PRALTEKSI,494.5042175733765,Q63HN8
4549,HLA-C*07:02,RGPGHKHLG,494.504217573377,Q9UPP2
4550,HLA-C*07:02,RTANVDKVF,495.6441675254085,P11234
514,HLA-C*07:02,NSIPVAHSL,495.64416752540944,Q16825
515,HLA-C*07:02,PSLAPKPSL,495.64416752540944,Q8NFN8
4551,HLA-C*07:02,SPSGIRRPG,496.7867453334768,Q6ZRZ4
8789,HLA-C*07:02,RGVLLGVGK,496.7867453334773,Q9BVQ7
4552,HLA-C*07:02,RAIPPVAVR,497.93195705541626,Q14839
