,bind1,bind2,count,pvalue,counts_negative
0,G,R,64.0,1.364547640435603e-20,31.0
1,A,R,59.0,2.449726117833761e-16,29.0
30,C,G,27.0,3.241476603043819e-09,19.0
2,R,A,45.0,2.4719294244002686e-08,28.0
3,A,P,40.0,2.1981546108361605e-05,27.0
16,R,R,32.0,0.00045701347037359986,23.0
18,G,K,32.0,0.001080426407849926,22.0
8,P,A,36.0,0.0011750503876642449,25.0
4,S,R,39.0,0.0016371732366878822,27.0
5,A,A,38.0,0.0033787307651205857,27.0
20,R,P,31.0,0.0044201347206598626,21.0
9,G,G,35.0,0.006653878438526867,24.0
25,P,R,30.0,0.009059920279460306,19.0
368,E,D,0.0,0.011360211467060519,1.0
19,R,G,31.0,0.02114352413494689,21.0
22,G,P,31.0,0.03605289845455747,21.0
11,R,S,34.0,0.0894827162956581,24.0
15,G,A,33.0,0.09577217936868127,23.0
223,E,E,4.0,0.14717641255606384,5.0
82,G,C,14.0,0.33250036560128887,13.0
28,G,V,27.0,0.6145355403463123,19.0
229,E,P,4.0,0.6728338624138103,5.0
24,A,G,30.0,0.6851439731035344,20.0
139,M,I,9.0,0.7585880597525392,9.0
13,G,S,34.0,1.1067776150567905,23.0
221,T,E,4.0,1.2771246723738139,6.0
332,F,E,1.0,1.2780311971833787,2.0
218,T,G,4.0,1.6536438539292673,6.0
7,G,L,38.0,1.8799934200207025,26.0
35,K,G,23.0,2.545970310888723,18.0
50,A,N,18.0,2.935266710715128,15.0
32,P,G,25.0,3.062648214211539,19.0
361,C,E,0.0,3.3067913112184066,2.0
369,E,C,0.0,3.3067913112184066,1.0
265,K,T,3.0,3.7953356287992372,4.0
57,P,I,17.0,3.884061489184417,15.0
6,A,L,38.0,4.24270404377902,27.0
36,A,K,23.0,4.6443815973634255,18.0
34,P,P,23.0,4.699413496843809,18.0
297,V,D,2.0,4.710093806479509,4.0
51,G,I,18.0,5.093915274011806,15.0
62,R,I,16.0,5.448601845591242,14.0
235,L,F,4.0,5.479449366742599,5.0
84,L,E,13.0,5.932022225729291,13.0
87,E,L,13.0,5.932022225729291,13.0
37,V,P,22.0,6.023230160387529,18.0
302,E,F,2.0,6.308495488442068,3.0
162,E,G,7.0,6.978452496407271,8.0
378,M,E,0.0,7.157821224301071,1.0
230,E,Q,4.0,7.2183848017001795,5.0
225,Q,E,4.0,7.2183848017001795,5.0
122,S,E,10.0,7.556619431501674,10.0
186,E,T,6.0,9.392596068210755,7.0
271,Q,T,3.0,9.401540164212156,4.0
38,P,V,21.0,9.404320439863552,18.0
350,N,Q,1.0,10.323658049106134,2.0
330,E,H,1.0,10.362318801776407,2.0
365,Q,H,0.0,10.435036764098147,1.0
352,S,C,1.0,10.545270386905658,2.0
367,Q,Y,0.0,10.608751581801329,1.0
316,Y,E,1.0,10.614059716149418,3.0
383,T,C,0.0,11.2118918022027,1.0
101,S,M,11.0,12.068740874637818,11.0
65,G,F,15.0,12.64570160081743,14.0
238,K,V,4.0,13.08894267633273,5.0
103,E,S,11.0,13.6714007916635,11.0
71,V,I,15.0,13.718134834759576,14.0
55,A,I,17.0,14.360473582787026,15.0
12,L,G,34.0,14.644985820777078,23.0
159,P,E,7.0,14.845830731430281,8.0
27,P,S,27.0,16.815801407481676,19.0
300,L,C,2.0,17.178939878342014,3.0
276,N,E,3.0,17.75306214055546,4.0
114,I,N,10.0,20.08445040816256,10.0
184,L,N,6.0,20.43327682950582,7.0
14,S,S,34.0,21.00041028339894,23.0
147,L,D,8.0,22.310115276154825,9.0
374,L,W,0.0,22.538241120827006,1.0
355,D,C,0.0,22.551264855013848,2.0
359,C,D,0.0,22.551264855013848,2.0
219,Q,P,4.0,22.607549115161767,6.0
194,D,E,5.0,27.693352499804995,7.0
107,K,L,11.0,32.445971137754405,11.0
23,P,L,30.0,32.59527539779455,21.0
382,F,H,0.0,33.53293969274961,1.0
366,Q,M,0.0,33.702718254690765,1.0
398,Y,F,0.0,33.977564192919154,0.0
115,I,I,10.0,35.84789835480666,10.0
208,Y,Y,5.0,37.91548767652708,6.0
248,D,R,4.0,38.48093700300111,5.0
128,K,S,9.0,39.462452798546266,10.0
130,D,L,9.0,39.48450579157341,9.0
220,M,Y,4.0,39.582183309379545,6.0
40,G,T,20.0,40.39941523721713,17.0
253,I,K,3.0,40.59232532838237,5.0
43,V,G,20.0,40.62641329274382,17.0
324,C,P,1.0,40.713269741110224,2.0
267,T,N,3.0,40.768783409192366,4.0
343,I,F,1.0,42.641430454570205,2.0
292,Y,A,2.0,42.84313770244642,4.0
301,E,Y,2.0,43.04969391734779,3.0
48,R,V,18.0,43.52423765270852,16.0
53,V,V,18.0,43.90062268903421,15.0
141,R,E,8.0,44.04568971945733,9.0
146,V,E,8.0,44.27728468308379,9.0
100,M,L,11.0,45.62219126010309,11.0
202,F,S,5.0,46.087588796779855,6.0
199,G,D,5.0,46.8076373201512,6.0
362,C,F,0.0,49.37072758333414,2.0
124,V,Y,9.0,49.99459703724985,10.0
46,N,L,19.0,50.15020470022012,17.0
17,L,A,32.0,50.85774252966036,22.0
358,C,N,0.0,51.254390484481846,2.0
74,R,D,14.0,52.52600963552351,13.0
376,M,D,0.0,52.85439022921583,1.0
356,D,M,0.0,52.85439022921583,2.0
289,F,V,3.0,53.72451679373056,4.0
255,D,Q,3.0,54.46345656405895,5.0
117,L,Q,10.0,54.73585258090884,10.0
90,S,Y,12.0,56.28193333911441,12.0
41,L,I,20.0,56.32756398698869,17.0
247,R,W,4.0,56.56722475043975,5.0
333,F,F,1.0,56.790225559459294,2.0
315,N,D,2.0,57.191339822139675,3.0
327,C,R,1.0,58.75197279258094,2.0
120,Y,G,10.0,59.209044673184295,10.0
204,E,I,5.0,59.72940313351415,6.0
33,S,P,24.0,60.96458157267005,19.0
158,T,P,7.0,61.68580785877358,8.0
251,K,D,4.0,65.31959029297457,5.0
179,N,S,6.0,67.96632138129269,7.0
180,T,K,6.0,68.30138891368192,7.0
109,S,V,11.0,72.10909653481501,11.0
76,T,L,14.0,72.9628420203327,13.0
104,R,F,11.0,73.1050777307733,11.0
370,H,H,0.0,73.43836025496606,1.0
380,M,F,0.0,73.64934319778055,1.0
133,E,R,9.0,73.84900258321761,9.0
388,W,E,0.0,74.38156098115594,0.0
306,Y,R,2.0,76.461805292302,3.0
299,Y,T,2.0,76.52831683011424,3.0
296,D,F,2.0,76.99866461797309,4.0
182,I,Y,6.0,78.41349675477272,7.0
353,M,R,1.0,79.71117796431213,2.0
340,T,M,1.0,79.79009040984735,2.0
328,D,H,1.0,80.72039324224079,2.0
339,H,D,1.0,80.72039324224079,2.0
56,P,T,17.0,80.80823366052297,15.0
329,D,Y,1.0,82.06124032066775,2.0
336,C,K,1.0,82.41391614997265,2.0
155,K,E,8.0,84.12614201467794,9.0
185,D,G,6.0,84.88946365623636,7.0
31,L,R,26.0,88.66977535418357,19.0
132,S,Q,9.0,89.93511597734023,9.0
29,L,P,27.0,92.81784571741795,19.0
266,A,Y,3.0,93.01225223721819,4.0
95,I,P,12.0,93.73827313073764,12.0
269,F,K,3.0,93.87433844694314,4.0
263,L,M,3.0,95.05592792269188,4.0
214,K,Q,5.0,95.28644198859,6.0
205,Y,L,5.0,96.78930848588469,6.0
211,N,A,5.0,96.8057823539365,6.0
207,D,T,5.0,96.87990192933609,6.0
206,E,N,5.0,97.14783387511541,6.0
61,V,R,16.0,98.28034989291626,14.0
89,R,Q,13.0,103.51149535888804,12.0
10,S,L,35.0,105.8234243453019,24.0
64,L,T,15.0,106.83309060707641,14.0
231,S,H,4.0,107.47177025022853,5.0
244,P,F,4.0,107.54328872844967,5.0
222,Y,S,4.0,108.52811344404545,5.0
96,E,A,12.0,109.25781031233997,12.0
391,W,K,0.0,109.53995160765916,0.0
375,K,W,0.0,109.53995160765916,1.0
240,N,V,4.0,109.54590145350289,5.0
318,W,L,1.0,110.47990062983256,3.0
384,W,R,0.0,111.0938092765494,1.0
394,W,T,0.0,111.18473773784979,0.0
364,C,Y,0.0,111.27808992123525,2.0
149,M,S,8.0,112.39531355602506,9.0
118,E,V,10.0,116.20618026167003,10.0
167,R,M,6.0,119.09837228294565,8.0
70,K,P,15.0,119.11132581082973,14.0
213,N,G,5.0,121.80388562209457,6.0
282,H,E,3.0,123.94154219499467,4.0
171,Q,V,6.0,132.4132600486805,8.0
237,D,D,4.0,136.75786748247384,5.0
228,F,T,4.0,137.69064502328513,5.0
305,A,M,2.0,138.15311245953387,3.0
308,E,M,2.0,138.40216073542578,3.0
75,K,R,14.0,144.34257460758664,13.0
79,G,Q,14.0,144.62731503017034,13.0
69,S,G,15.0,145.10775810941792,14.0
224,S,W,4.0,149.83945665757662,5.0
145,A,Q,8.0,149.9154530770367,9.0
66,T,R,15.0,153.04573052831427,14.0
341,H,F,1.0,154.66869704712855,2.0
348,M,Q,1.0,155.15830804264883,2.0
258,F,D,3.0,156.56040520704786,5.0
257,Y,P,3.0,157.3407279349136,5.0
286,Q,F,3.0,158.88108567065038,4.0
287,F,Q,3.0,158.88108567065038,4.0
183,T,D,6.0,161.99478066662718,7.0
174,D,V,6.0,162.14188247901654,7.0
153,G,Y,8.0,164.62513190533548,9.0
377,M,C,0.0,165.29954742329497,1.0
357,D,W,0.0,165.9383247475632,2.0
385,W,D,0.0,165.9383247475632,1.0
387,W,Q,0.0,167.58973997855557,0.0
360,C,C,0.0,169.40793539406175,2.0
371,H,M,0.0,170.07699844583215,1.0
379,M,H,0.0,170.07699844583215,1.0
58,A,T,17.0,170.83760357706362,15.0
59,V,A,17.0,171.29340078067142,15.0
397,Y,M,0.0,171.45800173274603,0.0
91,S,K,12.0,178.1813471448456,12.0
140,S,N,8.0,179.9268218783766,9.0
144,Q,G,8.0,180.0082499081698,9.0
314,M,P,2.0,181.48703653568558,3.0
309,K,C,2.0,181.7797820372752,3.0
77,Q,A,14.0,183.13735045506684,13.0
304,Y,Q,2.0,184.59389279885596,3.0
196,C,L,5.0,186.51423316713348,7.0
178,M,G,6.0,186.53758323377946,7.0
78,I,S,14.0,186.5855694908883,13.0
187,N,R,5.0,186.6142378718898,7.0
188,N,T,5.0,186.74646015671445,7.0
135,R,T,9.0,187.8561483512555,9.0
110,I,R,10.0,194.6348805124139,11.0
113,I,T,10.0,195.0452250292199,10.0
170,Q,K,6.0,198.8807159413058,8.0
99,H,L,11.0,199.5939149784967,11.0
284,N,N,3.0,200.93255857253442,4.0
264,F,I,3.0,200.93468743396681,4.0
288,H,T,3.0,202.55740228983393,4.0
268,H,V,3.0,202.6991371564608,4.0
283,N,I,3.0,203.58714127737554,4.0
261,T,Y,3.0,204.0672975842516,5.0
160,P,H,7.0,205.70146929020993,8.0
93,S,F,12.0,210.70380289258958,12.0
347,M,N,1.0,211.81563936103967,2.0
349,N,M,1.0,211.81563936103967,2.0
85,G,E,13.0,213.2283921630907,13.0
344,I,M,1.0,213.7437123979625,2.0
246,H,G,4.0,216.24555743019008,5.0
88,A,D,13.0,216.38789037830804,12.0
154,K,F,8.0,220.73957264502607,9.0
21,L,L,31.0,220.9316870051504,21.0
143,Q,I,8.0,223.6572244754698,9.0
81,T,V,14.0,224.69008750782203,13.0
216,F,Y,4.0,226.86243240787527,6.0
200,T,F,5.0,228.8797124180733,6.0
195,Q,D,5.0,230.54071225217578,7.0
241,H,N,4.0,233.48678101624185,5.0
125,V,N,9.0,234.66072342349085,10.0
136,Q,Q,9.0,236.11584135848585,9.0
232,Y,N,4.0,236.84061906134352,5.0
60,T,A,16.0,238.40411671786688,15.0
291,I,H,2.0,238.61312351246627,4.0
123,F,A,10.0,241.1019728143792,10.0
294,V,M,2.0,242.0196729975956,4.0
105,Q,R,11.0,250.80826796811414,11.0
152,K,K,8.0,254.29067281865417,9.0
393,W,F,0.0,255.05509576982024,0.0
278,R,C,3.0,255.64678644140403,4.0
259,C,T,3.0,255.65248151332992,5.0
262,C,V,3.0,255.66227356641357,5.0
279,N,F,3.0,255.798704969029,4.0
273,F,N,3.0,255.798704969029,4.0
256,K,H,3.0,257.1555292528054,5.0
354,N,W,0.0,257.5669405373323,2.0
260,K,Y,3.0,258.3594163802415,5.0
126,V,K,9.0,260.5434605036188,10.0
373,I,W,0.0,261.17254863386233,1.0
390,W,I,0.0,261.17254863386233,0.0
311,C,M,2.0,264.1595582486669,3.0
168,R,Y,6.0,265.812234811545,8.0
119,T,T,10.0,266.0806377321936,10.0
121,V,T,10.0,266.1102044015154,10.0
249,P,Y,4.0,268.66867509670203,5.0
252,D,N,4.0,270.178058644271,5.0
106,K,A,11.0,271.0519527176888,11.0
307,Q,W,2.0,271.22539981347035,3.0
209,I,Q,5.0,278.87705665881344,6.0
150,K,N,8.0,281.13405478102004,9.0
67,S,T,15.0,286.3728949428615,14.0
68,T,S,15.0,286.3728949428615,14.0
175,R,N,6.0,286.6566971904296,7.0
134,N,P,9.0,288.5670226023676,9.0
137,P,N,9.0,288.5670226023676,9.0
42,L,K,20.0,291.33139324122857,17.0
320,Y,C,1.0,291.7002417819617,3.0
323,W,V,1.0,291.7002417819617,3.0
351,P,W,1.0,291.8917464280565,2.0
321,W,P,1.0,291.8917464280565,3.0
161,A,F,7.0,292.91995932576197,8.0
338,G,W,1.0,293.4536822051637,2.0
334,F,M,1.0,294.0997157527929,2.0
317,Y,H,1.0,294.4240744078365,3.0
342,H,Y,1.0,294.4240744078365,2.0
322,W,A,1.0,295.0412931918802,3.0
345,A,W,1.0,295.0412931918802,2.0
47,S,A,18.0,295.10675648780034,17.0
49,A,S,18.0,295.10675648780034,16.0
331,E,W,1.0,295.2148092580246,2.0
111,I,G,10.0,298.16337749272077,11.0
148,P,D,8.0,298.5042968980211,9.0
142,T,Q,8.0,298.70652179019874,9.0
151,V,Q,8.0,298.7658032038651,9.0
98,P,Q,11.0,300.52960392770495,11.0
127,D,A,9.0,303.9998311507269,10.0
298,N,H,2.0,312.07561085956536,4.0
73,E,K,14.0,312.50483094982445,13.0
293,N,Y,2.0,312.8894822633093,4.0
233,M,K,4.0,314.5290257229919,5.0
236,K,M,4.0,314.5290257229919,5.0
245,H,I,4.0,315.3643002610825,5.0
281,P,M,3.0,321.85887985109554,4.0
280,Y,D,3.0,321.8830247963232,4.0
52,V,S,18.0,323.1720169212968,15.0
277,G,M,3.0,323.45398144661584,4.0
203,V,C,5.0,324.0838563156018,6.0
210,M,A,5.0,325.3397757616911,6.0
189,H,K,5.0,327.09017434232226,7.0
44,R,L,19.0,330.00104494353957,17.0
45,L,V,19.0,330.02723547954884,17.0
243,H,R,4.0,330.1202949443578,5.0
217,T,H,4.0,330.1631818454513,6.0
250,C,A,4.0,330.5532628881012,5.0
227,A,C,4.0,330.5532628881012,5.0
239,Y,V,4.0,330.73113049798957,5.0
215,H,P,4.0,331.23330636248846,6.0
198,Q,N,5.0,335.9269665116683,7.0
192,H,A,5.0,335.9817431516742,7.0
190,D,I,5.0,336.3128255441806,7.0
212,I,D,5.0,336.3128255441806,6.0
191,C,S,5.0,336.43469271662815,7.0
169,N,K,6.0,340.34817455004116,8.0
173,F,R,6.0,340.40716261432163,7.0
181,V,F,6.0,340.4525748545571,7.0
172,H,S,6.0,341.13867704894983,8.0
176,F,P,6.0,341.20323084745473,7.0
165,F,G,7.0,344.14158486697124,8.0
163,T,I,7.0,344.47602560600876,8.0
164,I,V,7.0,344.5254804797025,8.0
129,L,H,9.0,346.9628878923412,10.0
112,I,A,10.0,349.4553742884468,11.0
116,I,E,10.0,349.65998325941223,10.0
97,R,K,11.0,352.1345476373825,11.0
92,S,I,12.0,353.5815514636582,12.0
108,F,L,11.0,354.2491293244397,11.0
94,S,D,12.0,355.94133054091725,12.0
54,Q,L,17.0,360.61495373657226,15.0
63,A,E,16.0,361.4032676995481,14.0
310,N,C,2.0,399.9999999999574,3.0
157,D,K,8.0,399.99999999995833,8.0
177,A,H,6.0,399.9999999999596,7.0
303,V,W,2.0,399.999999999965,3.0
80,A,V,14.0,399.99999999997226,13.0
381,M,W,0.0,399.99999999997266,1.0
392,W,M,0.0,399.99999999997266,0.0
399,Y,W,0.0,399.9999999999754,0.0
396,W,Y,0.0,399.9999999999754,0.0
395,W,W,0.0,399.9999999999764,0.0
138,L,Y,9.0,399.9999999999765,9.0
166,K,I,7.0,399.9999999999793,8.0
86,Q,S,13.0,399.9999999999797,13.0
295,F,C,2.0,399.99999999998204,4.0
386,W,C,0.0,399.99999999998295,0.0
363,C,W,0.0,399.99999999998295,2.0
326,H,C,1.0,399.9999999999839,2.0
337,C,H,1.0,399.9999999999839,2.0
346,M,M,1.0,399.99999999998454,2.0
226,Y,K,4.0,399.99999999999187,5.0
335,F,W,1.0,399.9999999999924,2.0
83,D,S,13.0,399.9999999999942,13.0
325,T,W,1.0,399.99999999999693,2.0
234,H,Q,4.0,399.99999999999847,5.0
254,I,C,3.0,400.0,5.0
274,Y,I,3.0,400.0,4.0
372,H,W,0.0,400.0,1.0
156,G,N,8.0,400.0,9.0
197,G,H,5.0,400.0,7.0
72,I,L,14.0,400.0,14.0
193,V,H,5.0,400.0,7.0
26,L,S,29.0,400.0,19.0
285,M,T,3.0,400.0,4.0
272,M,V,3.0,400.0,4.0
39,V,L,20.0,400.0,18.0
242,P,C,4.0,400.0,5.0
319,W,N,1.0,400.0,3.0
102,P,K,11.0,400.0,11.0
270,Q,C,3.0,400.0,4.0
389,W,H,0.0,400.0,0.0
313,W,G,2.0,400.0,3.0
290,C,Q,3.0,400.0,4.0
201,R,H,5.0,400.0,6.0
275,C,I,3.0,400.0,4.0
131,D,P,9.0,400.0,9.0
312,W,S,2.0,400.0,3.0
