aa,count,observed,expected,pos,type,ratio
P,319,0.180634201585504,0.06310362487786969,1,spliced,2.8625011944258696
R,265,0.15005662514156284,0.05641358208247376,1,spliced,2.659937901517896
K,215,0.1217440543601359,0.0572700728882684,1,spliced,2.125788360661835
V,139,0.07870894677236694,0.05969329362753354,1,spliced,1.3185559380168366
I,81,0.04586636466591167,0.04340601435297719,1,spliced,1.0566822443757895
H,45,0.02548131370328426,0.026268603041240055,1,spliced,0.9700292650994877
G,103,0.058323895809739526,0.06570259491632346,1,spliced,0.8876954690148663
A,106,0.06002265005662514,0.0701782848581734,1,spliced,0.8552880734820998
L,147,0.08323895809739525,0.09959377183342816,1,spliced,0.8357847741384216
W,9,0.0050962627406568525,0.012186050151078159,1,spliced,0.4182046419861452
N,38,0.021517553793884484,0.03588147149324288,1,spliced,0.5996842631701049
Y,23,0.0130237825594564,0.02664809788476445,1,spliced,0.4887321645160462
M,12,0.006795016987542469,0.02132218758950298,1,spliced,0.3186829193308331
Q,42,0.02378255945639864,0.04765879412841904,1,spliced,0.49901723053074587
D,38,0.021517553793884484,0.047394198701097866,1,spliced,0.45401239779555636
F,23,0.0130237825594564,0.03651443391901419,1,spliced,0.35667491349700253
C,8,0.004530011325028313,0.02297025677149244,1,spliced,0.19721204556365024
T,37,0.020951302378255945,0.0535714774607706,1,spliced,0.3910906208177326
S,69,0.039071347678369193,0.08320713679928025,1,spliced,0.46956726527702325
E,47,0.026613816534541337,0.07101269660628104,1,spliced,0.37477546701398406
R,272,0.15402038505096266,0.05641358208247376,2,spliced,2.73020041212403
P,253,0.1432616081540204,0.06310362487786969,2,spliced,2.2702595679929307
A,150,0.08493771234428088,0.0701782848581734,2,spliced,1.2103133115312736
H,54,0.030577576443941105,0.026268603041240055,2,spliced,1.164035118119385
E,135,0.07644394110985278,0.07101269660628104,2,spliced,1.076482724401869
S,135,0.07644394110985278,0.08320713679928025,2,spliced,0.9187185624985239
T,82,0.0464326160815402,0.0535714774607706,2,spliced,0.8667413758663264
K,86,0.04869762174405436,0.0572700728882684,2,spliced,0.8503153442647341
N,49,0.02774631936579841,0.03588147149324288,2,spliced,0.77327707619303
I,57,0.03227633069082673,0.04340601435297719,2,spliced,0.7435912090051852
L,144,0.08154020385050963,0.09959377183342816,2,spliced,0.8187279420131477
G,86,0.04869762174405436,0.06570259491632346,2,spliced,0.7411826246143544
V,75,0.04246885617214043,0.05969329362753354,2,spliced,0.7114510456925377
Q,56,0.03171007927519818,0.04765879412841904,2,spliced,0.6653563073743276
D,53,0.03001132502831257,0.047394198701097866,2,spliced,0.6332278179780128
M,16,0.009060022650056626,0.02132218758950298,2,spliced,0.4249105591077775
Y,21,0.01189127972819932,0.02664809788476445,2,spliced,0.44623371542769424
W,5,0.002831257078142695,0.012186050151078159,2,spliced,0.23233591221452504
F,28,0.01585503963759909,0.03651443391901419,2,spliced,0.43421293817026374
C,9,0.0050962627406568525,0.02297025677149244,2,spliced,0.22186355125910656
R,91,0.09609292502639916,0.05641358208247376,3,spliced,1.7033650670492122
A,100,0.10559662090813092,0.0701782848581734,3,spliced,1.5046908188414136
F,57,0.06019007391763464,0.03651443391901419,3,spliced,1.648391264975679
N,43,0.0454065469904963,0.03588147149324288,3,spliced,1.2654594446899192
W,15,0.01583949313621964,0.012186050151078159,3,spliced,1.2998053462645764
L,100,0.10559662090813092,0.09959377183342816,3,spliced,1.06027333802301
I,43,0.0454065469904963,0.04340601435297719,3,spliced,1.0460888350920867
P,61,0.06441393875395987,0.06310362487786969,3,spliced,1.0207644787225163
S,80,0.08447729672650475,0.08320713679928025,3,spliced,1.0152650358621098
K,55,0.058078141499472026,0.0572700728882684,3,spliced,1.014109788419165
M,17,0.01795142555438226,0.02132218758950298,3,spliced,0.8419129359512734
V,48,0.05068637803590285,0.05969329362753354,3,spliced,0.8491134423268571
T,42,0.044350580781415,0.0535714774607706,3,spliced,0.8278767523985522
D,36,0.03801478352692714,0.047394198701097866,3,spliced,0.8020978214375115
G,51,0.05385427666314678,0.06570259491632346,3,spliced,0.8196674230558734
H,16,0.01689545934530095,0.026268603041240055,3,spliced,0.6431807324803737
Y,15,0.01583949313621964,0.02664809788476445,3,spliced,0.594394887196642
Q,30,0.03167898627243928,0.04765879412841904,3,spliced,0.664703898866569
C,8,0.008447729672650475,0.02297025677149244,3,spliced,0.3677681863415061
E,39,0.04118268215417107,0.07101269660628104,3,spliced,0.5799340698537631
P,74,0.10541310541310543,0.06310362487786969,4,spliced,1.6704762304403464
D,49,0.0698005698005698,0.047394198701097866,4,spliced,1.4727661130169694
G,61,0.0868945868945869,0.06570259491632346,4,spliced,1.3225442161797845
I,41,0.0584045584045584,0.04340601435297719,4,spliced,1.3455406877400269
L,80,0.11396011396011395,0.09959377183342816,4,spliced,1.1442494029718413
A,57,0.0811965811965812,0.0701782848581734,4,spliced,1.1570043548467335
V,45,0.0641025641025641,0.05969329362753354,4,spliced,1.0738654245239498
K,41,0.0584045584045584,0.0572700728882684,4,spliced,1.019809395362624
S,54,0.07692307692307693,0.08320713679928025,4,spliced,0.9244769124629021
R,34,0.04843304843304843,0.05641358208247376,4,spliced,0.8585352435560961
F,21,0.02991452991452992,0.03651443391901419,4,spliced,0.8192521888981689
Q,27,0.038461538461538464,0.04765879412841904,4,spliced,0.807018707982873
T,30,0.042735042735042736,0.0535714774607706,4,spliced,0.7977200697206235
N,19,0.027065527065527062,0.03588147149324288,4,spliced,0.7543037099418841
C,10,0.014245014245014244,0.02297025677149244,4,spliced,0.620150413934128
M,9,0.01282051282051282,0.02132218758950298,4,spliced,0.6012756789938581
Y,10,0.014245014245014244,0.02664809788476445,4,spliced,0.5345602641739982
E,34,0.04843304843304843,0.07101269660628104,4,spliced,0.6820336467657045
W,2,0.0028490028490028487,0.012186050151078159,4,spliced,0.23379214870133974
H,4,0.005698005698005697,0.026268603041240055,4,spliced,0.21691316013494083
P,99,0.11647058823529413,0.06310362487786969,5,spliced,1.845703609906887
L,115,0.1352941176470588,0.09959377183342816,5,spliced,1.3584596220870107
K,63,0.07411764705882352,0.0572700728882684,5,spliced,1.294177627526755
I,47,0.055294117647058834,0.04340601435297719,5,spliced,1.2738814763642599
V,62,0.07294117647058823,0.05969329362753354,5,spliced,1.2219325159994874
G,65,0.07647058823529412,0.06570259491632346,5,spliced,1.1638899244799144
F,31,0.036470588235294116,0.03651443391901419,5,spliced,0.9987992232382044
A,58,0.06823529411764706,0.0701782848581734,5,spliced,0.9723135048903943
R,45,0.052941176470588235,0.05641358208247376,5,spliced,0.9384473475410754
Y,19,0.02235294117647059,0.02664809788476445,5,spliced,0.8388193886532691
H,18,0.02117647058823529,0.026268603041240055,5,spliced,0.8061513798426799
N,24,0.028235294117647063,0.03588147149324288,5,spliced,0.7869045761672363
M,13,0.015294117647058824,0.02132218758950298,5,spliced,0.7172865158820849
S,60,0.07058823529411765,0.08320713679928025,5,spliced,0.8483435196718395
W,5,0.005882352941176471,0.012186050151078159,5,spliced,0.48271202467158986
T,33,0.038823529411764715,0.0535714774607706,5,spliced,0.7247052209861948
Q,28,0.03294117647058824,0.04765879412841904,5,spliced,0.6911877875429783
E,41,0.048235294117647064,0.07101269660628104,5,spliced,0.6792488727062461
C,6,0.007058823529411766,0.02297025677149244,5,spliced,0.3073027698224174
D,18,0.02117647058823529,0.047394198701097866,5,spliced,0.4468156687654843
L,192,0.16594641313742434,0.09959377183342816,6,spliced,1.6662328384848384
I,93,0.08038029386343994,0.04340601435297719,6,spliced,1.8518238788244492
V,103,0.08902333621434745,0.05969329362753354,6,spliced,1.4913456906871934
P,90,0.07778738115816768,0.06310362487786969,6,spliced,1.2326927543182633
T,74,0.06395851339671564,0.0535714774607706,6,spliced,1.1938911605256972
A,94,0.08124459809853067,0.0701782848581734,6,spliced,1.1576885679483575
F,50,0.0432152117545376,0.03651443391901419,6,spliced,1.1835103852461508
G,84,0.07260155574762317,0.06570259491632346,6,spliced,1.1050028669352554
K,71,0.06136560069144339,0.0572700728882684,6,spliced,1.0715125299589752
Q,44,0.03802938634399308,0.04765879412841904,6,spliced,0.797951082050481
R,53,0.045808124459809856,0.05641358208247376,6,spliced,0.8120052435748669
M,16,0.013828867761452032,0.02132218758950298,6,spliced,0.648567024532701
S,77,0.0665514261019879,0.08320713679928025,6,spliced,0.7998283399959939
N,26,0.02247191011235955,0.03588147149324288,6,spliced,0.6262817319683059
W,5,0.00432152117545376,0.012186050151078159,6,spliced,0.3546285401649536
H,15,0.01296456352636128,0.026268603041240055,6,spliced,0.49353836996994965
Y,12,0.010371650821089023,0.02664809788476445,6,spliced,0.3892079226794953
E,37,0.03197925669835782,0.07101269660628104,6,spliced,0.45033153543882276
D,18,0.015557476231633534,0.047394198701097866,6,spliced,0.32825697359607753
C,3,0.0025929127052722557,0.02297025677149244,6,spliced,0.11288131130036937
L,278,0.1780909673286355,0.09959377183342816,7,spliced,1.7881737386801144
I,115,0.07367072389493914,0.04340601435297719,7,spliced,1.6972469136615425
V,136,0.08712363869314542,0.05969329362753354,7,spliced,1.4595213867200592
P,118,0.07559256886611147,0.06310362487786969,7,spliced,1.1979116732582764
A,123,0.07879564381806534,0.0701782848581734,7,spliced,1.1227923848140084
F,60,0.03843689942344651,0.03651443391901419,7,spliced,1.0526494675693503
Q,74,0.04740550928891736,0.04765879412841904,7,spliced,0.9946854542979164
T,82,0.05253042921204356,0.0535714774607706,7,spliced,0.9805671170915646
R,84,0.05381165919282512,0.05641358208247376,7,spliced,0.9538777224632756
Y,35,0.022421524663677132,0.02664809788476445,7,spliced,0.8413930615474142
N,48,0.030749519538757212,0.03588147149324288,7,spliced,0.8569748747497129
S,116,0.07431133888532991,0.08320713679928025,7,spliced,0.8930885227380244
H,32,0.020499679692504803,0.026268603041240055,7,spliced,0.7803871283266033
M,16,0.010249839846252402,0.02132218758950298,7,spliced,0.4807123942244298
W,6,0.0038436899423446506,0.012186050151078159,7,spliced,0.31541721022743213
E,75,0.048046124279308135,0.07101269660628104,7,spliced,0.6765849851568442
K,57,0.03651505445227418,0.0572700728882684,7,spliced,0.6375939930007349
G,63,0.04035874439461883,0.06570259491632346,7,spliced,0.6142640857034387
D,38,0.024343369634849454,0.047394198701097866,7,spliced,0.5136360631050304
C,5,0.003203074951953876,0.02297025677149244,7,spliced,0.13944445566359961
L,284,0.1437246963562753,0.09959377183342816,8,spliced,1.4431092799322498
V,182,0.09210526315789473,0.05969329362753354,8,spliced,1.5429750573423069
A,197,0.09969635627530364,0.0701782848581734,8,spliced,1.420615457855442
S,219,0.11082995951417003,0.08320713679928025,8,spliced,1.3319766041406285
I,110,0.05566801619433198,0.04340601435297719,8,spliced,1.2824954565429652
K,129,0.0652834008097166,0.0572700728882684,8,spliced,1.1399217342901218
T,120,0.06072874493927125,0.0535714774607706,8,spliced,1.1336022043398333
Q,107,0.0541497975708502,0.04765879412841904,8,spliced,1.1361973915022026
R,96,0.048582995951417005,0.05641358208247376,8,spliced,0.861193247406115
Y,39,0.01973684210526316,0.02664809788476445,8,spliced,0.7406473133884476
P,101,0.051113360323886636,0.06310362487786969,8,spliced,0.8099908748952389
N,52,0.02631578947368421,0.03588147149324288,8,spliced,0.7334088703313056
E,111,0.05617408906882592,0.07101269660628104,8,spliced,0.7910428944879323
H,34,0.017206477732793518,0.026268603041240055,8,spliced,0.6550206611969593
F,50,0.02530364372469636,0.03651443391901419,8,spliced,0.6929764755717593
G,95,0.04807692307692308,0.06570259491632346,8,spliced,0.7317355294437331
W,7,0.00354251012145749,0.012186050151078159,8,spliced,0.29070207963521855
M,13,0.006578947368421052,0.02132218758950298,8,spliced,0.3085493615889535
D,29,0.014676113360323888,0.047394198701097866,8,spliced,0.3096605441708612
C,1,0.0005060728744939271,0.02297025677149244,8,spliced,0.022031659442396656
L,877,0.3675607711651299,0.09959377183342816,9,spliced,3.6905999682377724
I,292,0.12238055322715842,0.04340601435297719,9,spliced,2.819437698931794
K,291,0.12196144174350378,0.0572700728882684,9,spliced,2.129584189310281
R,243,0.10184409052808048,0.05641358208247376,9,spliced,1.8053115361330832
Y,122,0.05113160100586756,0.02664809788476445,9,spliced,1.9187711343217897
F,88,0.03688181056160938,0.03651443391901419,9,spliced,1.0100611348216433
V,122,0.05113160100586756,0.05969329362753354,9,spliced,0.8565719513637811
M,21,0.008801341156747695,0.02132218758950298,9,spliced,0.4127785256462446
H,29,0.012154233025984913,0.026268603041240055,9,spliced,0.46269049811684054
W,4,0.0016764459346186086,0.012186050151078159,9,spliced,0.1375709039298747
G,28,0.01173512154233026,0.06570259491632346,9,spliced,0.17860971179716267
Q,26,0.010896898575020957,0.04765879412841904,9,spliced,0.22864402623487937
C,3,0.0012573344509639564,0.02297025677149244,9,spliced,0.05473750091136939
D,12,0.005029337803855826,0.047394198701097866,9,spliced,0.10611716078532041
N,17,0.007124895222129086,0.03588147149324288,9,spliced,0.1985675315314432
P,64,0.026823134953897737,0.06310362487786969,9,spliced,0.4250648834486298
S,34,0.014249790444258172,0.08320713679928025,9,spliced,0.17125682955096508
T,28,0.01173512154233026,0.0535714774607706,9,spliced,0.21905540221330785
E,25,0.010477787091366304,0.07101269660628104,9,spliced,0.14754808072503964
A,60,0.025146689019279127,0.0701782848581734,9,spliced,0.3583257851071632
R,1455,0.2032690695725063,0.05641358208247376,1,unspliced,3.6031938066853715
K,1004,0.1402626431964236,0.0572700728882684,1,unspliced,2.449143787018926
A,694,0.09695445655210952,0.0701782848581734,1,unspliced,1.3815449714687291
H,253,0.035345068454875665,0.026268603041240055,1,unspliced,1.3455252416501224
G,549,0.07669740150880135,0.06570259491632346,1,unspliced,1.1673420449600276
S,682,0.09527801061749093,0.08320713679928025,1,unspliced,1.1450701740564528
Y,241,0.03366862252025705,0.02664809788476445,1,unspliced,1.2634531239659867
I,329,0.04596255937412685,0.04340601435297719,1,unspliced,1.0588984051924202
T,339,0.04735959765297569,0.0535714774607706,1,unspliced,0.8840450160751352
F,204,0.028499580888516344,0.03651443391901419,1,unspliced,0.7805017859985427
V,329,0.04596255937412685,0.05969329362753354,1,unspliced,0.7699786120182621
N,168,0.02347024308466052,0.03588147149324288,1,unspliced,0.6541048097506365
M,82,0.011455713886560493,0.02132218758950298,1,unspliced,0.5372672873490804
Q,232,0.032411288069293095,0.04765879412841904,1,unspliced,0.6800694113652821
C,7,0.0009779267951941883,0.02297025677149244,1,unspliced,0.04257361181995397
L,330,0.04610226320201174,0.09959377183342816,1,unspliced,0.46290307469344927
D,67,0.009360156468287232,0.047394198701097866,1,unspliced,0.1974958270171241
P,44,0.006146968426934898,0.06310362487786969,1,unspliced,0.09741070245697767
W,23,0.0032131880413523327,0.012186050151078159,1,unspliced,0.26367756586559316
E,126,0.01760268231349539,0.07101269660628104,1,unspliced,0.24788077561806662
R,1617,0.2259010896898575,0.05641358208247376,2,unspliced,4.004374148048279
P,1442,0.2014529198100028,0.06310362487786969,2,unspliced,3.1924143850673135
E,1050,0.14668901927912825,0.07101269660628104,2,unspliced,2.065673130150555
H,331,0.04624196702989662,0.026268603041240055,2,unspliced,1.760351205479014
Y,306,0.04274937133277452,0.02664809788476445,2,unspliced,1.6042184893510043
V,442,0.06174909192511875,0.05969329362753354,2,unspliced,1.0344393511005225
T,341,0.047639005308745465,0.0535714774607706,2,unspliced,0.8892606208897379
L,586,0.08186644314054205,0.09959377183342816,2,unspliced,0.8220036417283674
I,222,0.031014249790444263,0.04340601435297719,2,unspliced,0.7145150332909341
M,65,0.009080748812517464,0.02132218758950298,2,unspliced,0.42588260582549053
Q,110,0.015367421067337244,0.04765879412841904,2,unspliced,0.3224467036645734
C,2,0.0002794076557697681,0.02297025677149244,2,unspliced,0.012163889091415421
K,12,0.0016764459346186086,0.0572700728882684,2,unspliced,0.029272634904608675
F,94,0.0131321598211791,0.03651443391901419,2,unspliced,0.3596429798228579
D,81,0.011316010058675607,0.047394198701097866,2,unspliced,0.2387636117669709
S,201,0.02808046940486169,0.08320713679928025,2,unspliced,0.33747669352690174
N,11,0.0015367421067337245,0.03588147149324288,2,unspliced,0.042828291114625
W,9,0.0012573344509639564,0.012186050151078159,2,unspliced,0.10317817794740602
G,47,0.00656607991058955,0.06570259491632346,2,unspliced,0.09993638636269817
A,189,0.026404023470243086,0.0701782848581734,2,unspliced,0.3762420743625214
F,604,0.08438111204246998,0.03651443391901419,3,unspliced,2.3108974448192154
Y,464,0.06482257613858619,0.02664809788476445,3,unspliced,2.4325404544407383
R,727,0.1015646828723107,0.05641358208247376,3,unspliced,1.8003586924125532
K,558,0.07795473595976529,0.0572700728882684,3,unspliced,1.3611775230643033
D,452,0.06314613020396759,0.047394198701097866,3,unspliced,1.3323599076379118
N,356,0.04973456272701872,0.03588147149324288,3,unspliced,1.386079239709682
H,251,0.0350656607991059,0.026268603041240055,3,unspliced,1.3348886784750227
A,593,0.08284436993573624,0.0701782848581734,3,unspliced,1.1804843920474877
I,380,0.05308745459625594,0.04340601435297719,3,unspliced,1.2230437506781755
W,114,0.01592623637887678,0.012186050151078159,3,unspliced,1.3069235873338096
M,174,0.024308466051969825,0.02132218758950298,3,unspliced,1.14005497559439
S,505,0.07055043308186644,0.08320713679928025,3,unspliced,0.8478892051297781
L,583,0.0814473316568874,0.09959377183342816,3,unspliced,0.8177954319584271
V,307,0.0428890751606594,0.05969329362753354,3,unspliced,0.7184906805155212
T,265,0.03702151438949428,0.0535714774607706,3,unspliced,0.6910676379348404
Q,214,0.029896619167365187,0.04765879412841904,3,unspliced,0.6273054053110793
E,208,0.029058396200055882,0.07101269660628104,3,unspliced,0.4092000105441099
C,11,0.0015367421067337245,0.02297025677149244,3,unspliced,0.06690139000278482
P,120,0.01676445934618609,0.06310362487786969,3,unspliced,0.26566555215539367
G,272,0.03799944118468846,0.06570259491632346,3,unspliced,0.5783552572479553
P,798,0.11148365465213747,0.06310362487786969,4,unspliced,1.7666759218333676
D,578,0.08074881251746298,0.047394198701097866,4,unspliced,1.7037699703865332
E,688,0.09611623358480023,0.07101269660628104,4,unspliced,1.3535077271843639
G,618,0.08633696563285834,0.06570259491632346,4,unspliced,1.3140571653648396
K,523,0.07306510198379436,0.0572700728882684,4,unspliced,1.275799004592528
N,295,0.04121262922604079,0.03588147149324288,4,unspliced,1.148576898074034
Q,383,0.05350656607991059,0.04765879412841904,4,unspliced,1.122700795486651
S,589,0.0822855546241967,0.08320713679928025,4,unspliced,0.9889242412305729
F,235,0.03283039955294775,0.03651443391901419,4,unspliced,0.8991074495571449
A,450,0.06286672254819782,0.0701782848581734,4,unspliced,0.895814462767908
I,246,0.034367141659681466,0.04340601435297719,4,unspliced,0.7917599017548186
T,310,0.04330818664431405,0.0535714774607706,4,unspliced,0.8084187462633979
W,51,0.007124895222129086,0.012186050151078159,4,unspliced,0.5846763417019675
H,124,0.01732327465772562,0.026268603041240055,4,unspliced,0.6594669168561864
Y,125,0.01746297848561051,0.02664809788476445,4,unspliced,0.6553180103558026
V,308,0.043028778988544285,0.05969329362753354,4,unspliced,0.7208310410383731
L,540,0.07544006705783739,0.09959377183342816,4,unspliced,0.7574777585892806
M,60,0.008382229673093045,0.02132218758950298,4,unspliced,0.3931224053773759
C,4,0.0005588153115395362,0.02297025677149244,4,unspliced,0.024327778182830842
R,233,0.03255099189717798,0.05641358208247376,4,unspliced,0.5770062934417123
P,681,0.09513830678960604,0.06310362487786969,5,unspliced,1.507652008481859
K,621,0.086756077116513,0.0572700728882684,5,unspliced,1.514858856313499
V,621,0.086756077116513,0.05969329362753354,5,unspliced,1.4533638846910055
I,461,0.06440346465493155,0.04340601435297719,5,unspliced,1.4837451817437866
F,353,0.04931545124336407,0.03651443391901419,5,unspliced,1.3505741689092432
H,223,0.031153953618329143,0.026268603041240055,5,unspliced,1.1859767940236257
N,282,0.0393964794635373,0.03588147149324288,5,unspliced,1.097961644938568
R,423,0.05909471919530595,0.05641358208247376,5,unspliced,1.0475264468920358
Y,198,0.027661357921207042,0.02664809788476445,5,unspliced,1.0380237284035911
G,480,0.06705783738474434,0.06570259491632346,5,unspliced,1.0206269245552153
Q,329,0.04596255937412685,0.04765879412841904,5,unspliced,0.9644087773240423
T,339,0.04735959765297569,0.0535714774607706,5,unspliced,0.8840450160751352
W,62,0.00866163732886281,0.012186050151078159,5,unspliced,0.7107830036376859
A,415,0.05797708857222687,0.0701782848581734,5,unspliced,0.8261400045526263
D,242,0.03380832634814194,0.047394198701097866,5,unspliced,0.7133431363902094
L,566,0.07907236658284438,0.09959377183342816,5,unspliced,0.7939489099287645
M,80,0.011176306230790724,0.02132218758950298,5,unspliced,0.5241632071698344
E,354,0.04945515507124895,0.07101269660628104,5,unspliced,0.696426941022187
S,425,0.05937412685107572,0.08320713679928025,5,unspliced,0.7135701231290212
C,3,0.00041911148365465214,0.02297025677149244,5,unspliced,0.01824583363712313
I,726,0.10142497904442582,0.04340601435297719,6,unspliced,2.3366572710325144
V,708,0.0989103101424979,0.05969329362753354,6,unspliced,1.6569752501791175
F,402,0.05616093880972338,0.03651443391901419,6,unspliced,1.5380476371147753
T,462,0.06454316848281642,0.0535714774607706,6,unspliced,1.204804712173193
R,461,0.06440346465493155,0.05641358208247376,6,unspliced,1.1416304775821005
P,510,0.07124895222129086,0.06310362487786969,6,unspliced,1.1290785966604229
L,783,0.1093880972338642,0.09959377183342816,6,unspliced,1.0983427499544567
Q,379,0.052947750768371056,0.04765879412841904,6,unspliced,1.1109754608079394
A,499,0.06971221011455714,0.0701782848581734,6,unspliced,0.9933587042693025
G,462,0.06454316848281642,0.06570259491632346,6,unspliced,0.9823534148843946
M,128,0.017882089969265158,0.02132218758950298,6,unspliced,0.8386611314717352
Y,148,0.02067616652696284,0.02664809788476445,6,unspliced,0.7758965242612702
N,205,0.02863928471640123,0.03588147149324288,6,unspliced,0.7981636071361933
H,133,0.01858060910868958,0.026268603041240055,6,unspliced,0.7073314511441355
W,45,0.006286672254819782,0.012186050151078159,6,unspliced,0.5158908897370301
K,313,0.04372729812796871,0.0572700728882684,6,unspliced,0.7635278937618764
S,446,0.062307907236658286,0.08320713679928025,6,unspliced,0.7488288821542198
E,217,0.030315730651019838,0.07101269660628104,6,unspliced,0.4269057802311147
C,4,0.0005588153115395362,0.02297025677149244,6,unspliced,0.024327778182830842
D,127,0.017742386141380274,0.047394198701097866,6,unspliced,0.3743577616593248
L,1121,0.15660799105895498,0.09959377183342816,7,unspliced,1.5724677173677468
I,593,0.08284436993573624,0.04340601435297719,7,unspliced,1.9085919582951527
V,650,0.09080748812517464,0.05969329362753354,7,unspliced,1.5212343398537096
T,525,0.07334450963956413,0.0535714774607706,7,unspliced,1.369096263833174
F,332,0.04638167085778151,0.03651443391901419,7,unspliced,1.270228396821158
Y,224,0.031293657446214034,0.02664809788476445,7,unspliced,1.1743298745575983
N,276,0.038558256496228,0.03588147149324288,7,unspliced,1.0746007588760458
H,204,0.028499580888516344,0.026268603041240055,7,unspliced,1.0849294438601778
Q,361,0.05043308186644314,0.04765879412841904,7,unspliced,1.0582114547537365
W,79,0.01103660240290584,0.012186050151078159,7,unspliced,0.9056751175383418
M,136,0.01899972059234423,0.02132218758950298,7,unspliced,0.8910774521887186
A,461,0.06440346465493155,0.0701782848581734,7,unspliced,0.917712149635568
E,440,0.06146968426934898,0.07101269660628104,7,unspliced,0.8656154069202325
P,382,0.053366862252025714,0.06310362487786969,7,unspliced,0.8457020076946699
S,491,0.06859457949147807,0.08320713679928025,7,unspliced,0.8243833657796457
R,307,0.0428890751606594,0.05641358208247376,7,unspliced,0.760261511101312
K,272,0.03799944118468846,0.0572700728882684,7,unspliced,0.6635130578377967
C,5,0.0006985191394244202,0.02297025677149244,7,unspliced,0.030409722728538553
G,143,0.01997764738753842,0.06570259491632346,7,unspliced,0.30406177127374123
D,156,0.02179379715004191,0.047394198701097866,7,unspliced,0.4598410300697217
T,619,0.08647666946074323,0.0535714774607706,8,unspliced,1.6142296901194948
S,809,0.1130203967588712,0.08320713679928025,8,unspliced,1.3583017167326545
K,580,0.08102822017323275,0.0572700728882684,8,unspliced,1.4148440203894193
A,663,0.09262363788767812,0.0701782848581734,8,unspliced,1.3198333084780511
Q,471,0.06580050293378037,0.04765879412841904,8,unspliced,1.3806581584183095
V,541,0.07557977088572226,0.05969329362753354,8,unspliced,1.2661350428628566
E,589,0.0822855546241967,0.07101269660628104,8,unspliced,1.1587442606273113
H,212,0.02961721151159542,0.026268603041240055,8,unspliced,1.127475696560577
N,283,0.03953618329142219,0.03588147149324288,8,unspliced,1.1018551259489888
Y,212,0.02961721151159542,0.02664809788476445,8,unspliced,1.111419345563441
G,455,0.06356524168762225,0.06570259491632346,8,unspliced,0.9674692722346313
R,379,0.052947750768371056,0.05641358208247376,8,unspliced,0.938563885040382
L,623,0.08703548477228276,0.09959377183342816,8,unspliced,0.873904895557633
M,106,0.01480860575579771,0.02132218758950298,8,unspliced,0.6945162495000307
F,166,0.023190835428890756,0.03651443391901419,8,unspliced,0.635114198410579
D,108,0.015088013411567475,0.047394198701097866,8,unspliced,0.31835148235596117
P,156,0.02179379715004191,0.06310362487786969,8,unspliced,0.3453652178020117
W,14,0.0019558535903883767,0.012186050151078159,8,unspliced,0.16049938791818716
I,171,0.023889354568315167,0.04340601435297719,8,unspliced,0.5503696878051788
C,1,0.00013970382788488402,0.02297025677149244,8,unspliced,0.006081944545707709
L,2717,0.37957530036323,0.09959377183342816,9,unspliced,3.811235314976066
Y,829,0.11581447331656887,0.02664809788476445,9,unspliced,4.346069044679681
F,912,0.12740989103101424,0.03651443391901419,9,unspliced,3.4893021021111323
K,1054,0.1472478345906678,0.0572700728882684,9,unspliced,2.571113099121462
M,235,0.03283039955294775,0.02132218758950298,9,unspliced,1.5397294210613888
I,333,0.04652137468566639,0.04340601435297719,9,unspliced,1.0717725499364013
V,403,0.05630064263760828,0.05969329362753354,9,unspliced,0.9431652907093
H,159,0.022212908633696564,0.026268603041240055,9,unspliced,0.8456067724204327
R,328,0.04582285554624197,0.05641358208247376,9,unspliced,0.8122663701668742
G,5,0.0006985191394244202,0.06570259491632346,9,unspliced,0.010631530464116827
Q,6,0.0008382229673093043,0.04765879412841904,9,unspliced,0.017588002018067643
C,2,0.0002794076557697681,0.02297025677149244,9,unspliced,0.012163889091415421
D,2,0.0002794076557697681,0.047394198701097866,9,unspliced,0.005895397821406689
N,5,0.0006985191394244202,0.03588147149324288,9,unspliced,0.019467405052102274
P,17,0.002374965074043029,0.06310362487786969,9,unspliced,0.0376359532220141
S,4,0.0005588153115395362,0.08320713679928025,9,unspliced,0.006715954100037847
T,21,0.002933780385582565,0.0535714774607706,9,unspliced,0.05476385055332696
W,19,0.002654372729812797,0.012186050151078159,9,unspliced,0.2178205978889683
E,5,0.0006985191394244202,0.07101269660628104,9,unspliced,0.009836538715002643
A,102,0.014249790444258172,0.0701782848581734,9,unspliced,0.20305127822739247
