aa,count,observed,expected,p-value,pos,type
P,319,0.180634201585504,0.06310362487786969,1.2105403388293087e-63,1,spliced
R,265,0.15005662514156284,0.05641358208247376,1.3952881467720321e-46,1,spliced
K,215,0.1217440543601359,0.0572700728882684,1.0275975330695135e-24,1,spliced
V,139,0.07870894677236694,0.05969329362753354,0.0007053323371574449,1,spliced
I,81,0.04586636466591167,0.04340601435297719,0.3216302492566456,1,spliced
H,45,0.02548131370328426,0.026268603041240055,0.602344781947832,1,spliced
G,103,0.058323895809739526,0.06570259491632346,0.9049069135568979,1,spliced
A,106,0.06002265005662514,0.0701782848581734,0.9595591195777892,1,spliced
L,147,0.08323895809739525,0.09959377183342816,0.9914898225156674,1,spliced
W,9,0.0050962627406568525,0.012186050151078159,0.9992520256557044,1,spliced
N,38,0.021517553793884484,0.03588147149324288,0.9998097070091461,1,spliced
Y,23,0.0130237825594564,0.02664809788476445,0.9999691928510558,1,spliced
M,12,0.006795016987542469,0.02132218758950298,0.9999997286916096,1,spliced
Q,42,0.02378255945639864,0.04765879412841904,0.9999999221080642,1,spliced
D,38,0.021517553793884484,0.047394198701097866,0.9999999958743044,1,spliced
F,23,0.0130237825594564,0.03651443391901419,0.9999999995019366,1,spliced
C,8,0.004530011325028313,0.02297025677149244,0.9999999999249474,1,spliced
T,37,0.020951302378255945,0.0535714774607706,0.9999999999982876,1,spliced
S,69,0.039071347678369193,0.08320713679928025,0.9999999999999613,1,spliced
E,47,0.026613816534541337,0.07101269660628104,1.0,1,spliced
R,272,0.15402038505096266,0.05641358208247376,6.233106297930857e-50,2,spliced
P,253,0.1432616081540204,0.06310362487786969,2.1750857010285054e-33,2,spliced
A,150,0.08493771234428088,0.0701782848581734,0.01004527369436093,2,spliced
H,54,0.030577576443941105,0.026268603041240055,0.14547368525851614,2,spliced
E,135,0.07644394110985278,0.07101269660628104,0.19870209546138254,2,spliced
S,135,0.07644394110985278,0.08320713679928025,0.8586347863145871,2,spliced
T,82,0.0464326160815402,0.0535714774607706,0.919405225568464,2,spliced
K,86,0.04869762174405436,0.0572700728882684,0.9481889865319488,2,spliced
N,49,0.02774631936579841,0.03588147149324288,0.9750609104625104,2,spliced
I,57,0.03227633069082673,0.04340601435297719,0.9927814165180868,2,spliced
L,144,0.08154020385050963,0.09959377183342816,0.9958381967953316,2,spliced
G,86,0.04869762174405436,0.06570259491632346,0.9988666289327554,2,spliced
V,75,0.04246885617214043,0.05969329362753354,0.9994292897527972,2,spliced
Q,56,0.03171007927519818,0.04765879412841904,0.9996469178804502,2,spliced
D,53,0.03001132502831257,0.047394198701097866,0.9999016325874804,2,spliced
M,16,0.009060022650056626,0.02132218758950298,0.9999795242923948,2,spliced
Y,21,0.01189127972819932,0.02664809788476445,0.999994186064685,2,spliced
W,5,0.002831257078142695,0.012186050151078159,0.9999955254708492,2,spliced
F,28,0.01585503963759909,0.03651443391901419,0.9999999275671008,2,spliced
C,9,0.0050962627406568525,0.02297025677149244,0.9999999996008152,2,spliced
R,91,0.09609292502639916,0.05641358208247376,8.138540692685428e-07,3,spliced
A,100,0.10559662090813092,0.0701782848581734,3.877746069250466e-05,3,spliced
F,57,0.06019007391763464,0.03651443391901419,0.00022147182963062374,3,spliced
N,43,0.0454065469904963,0.03588147149324288,0.07210962908708445,3,spliced
W,15,0.01583949313621964,0.012186050151078159,0.1868048923884382,3,spliced
L,100,0.10559662090813092,0.09959377183342816,0.28349953938480343,3,spliced
I,43,0.0454065469904963,0.04340601435297719,0.4030756664038731,3,spliced
P,61,0.06441393875395987,0.06310362487786969,0.4529228236571752,3,spliced
S,80,0.08447729672650475,0.08320713679928025,0.4605993580725988,3,spliced
K,55,0.058078141499472026,0.0572700728882684,0.4769807631894961,3,spliced
M,17,0.01795142555438226,0.02132218758950298,0.7938940721264178,3,spliced
V,48,0.05068637803590285,0.05969329362753354,0.8945010464281566,3,spliced
T,42,0.044350580781415,0.0535714774607706,0.9117173716153814,3,spliced
D,36,0.03801478352692714,0.047394198701097866,0.9282660285279538,3,spliced
G,51,0.05385427666314678,0.06570259491632346,0.9413613120903992,3,spliced
H,16,0.01689545934530095,0.026268603041240055,0.9777913575515772,3,spliced
Y,15,0.01583949313621964,0.02664809788476445,0.9897152234784952,3,spliced
Q,30,0.03167898627243928,0.04765879412841904,0.994036100289716,3,spliced
C,8,0.008447729672650475,0.02297025677149244,0.9997921253051558,3,spliced
E,39,0.04118268215417107,0.07101269660628104,0.9999547171966358,3,spliced
P,74,0.10541310541310543,0.06310362487786969,1.42593956266263e-05,4,spliced
D,49,0.0698005698005698,0.047394198701097866,0.005167545871661919,4,spliced
G,61,0.0868945868945869,0.06570259491632346,0.017120835537389634,4,spliced
I,41,0.0584045584045584,0.04340601435297719,0.036045430356856936,4,spliced
L,80,0.11396011396011395,0.09959377183342816,0.11482259916424305,4,spliced
A,57,0.0811965811965812,0.0701782848581734,0.14302892987085006,4,spliced
V,45,0.0641025641025641,0.05969329362753354,0.3326048320368101,4,spliced
K,41,0.0584045584045584,0.0572700728882684,0.4712602462607707,4,spliced
S,54,0.07692307692307693,0.08320713679928025,0.7455859777601714,4,spliced
R,34,0.04843304843304843,0.05641358208247376,0.8411157012215956,4,spliced
F,21,0.02991452991452992,0.03651443391901419,0.8500632359460514,4,spliced
Q,27,0.038461538461538464,0.04765879412841904,0.8941739238552447,4,spliced
T,30,0.042735042735042736,0.0535714774607706,0.916757428618742,4,spliced
N,19,0.027065527065527062,0.03588147149324288,0.9176493110663396,4,spliced
C,10,0.014245014245014244,0.02297025677149244,0.9609433394507622,4,spliced
M,9,0.01282051282051282,0.02132218758950298,0.9633924954160694,4,spliced
Y,10,0.014245014245014244,0.02664809788476445,0.9903060975098484,4,spliced
E,34,0.04843304843304843,0.07101269660628104,0.9941690483333082,4,spliced
W,2,0.0028490028490028487,0.012186050151078159,0.9982341972057428,4,spliced
H,4,0.005698005698005697,0.026268603041240055,0.9999898397020412,4,spliced
P,99,0.11647058823529413,0.06310362487786969,5.120369474136453e-09,5,spliced
L,115,0.1352941176470588,0.09959377183342816,0.0005245319187920502,5,spliced
K,63,0.07411764705882352,0.0572700728882684,0.023869972230516918,5,spliced
I,47,0.055294117647058834,0.04340601435297719,0.05696091230756824,5,spliced
V,62,0.07294117647058823,0.05969329362753354,0.06288861259029735,5,spliced
G,65,0.07647058823529412,0.06570259491632346,0.11694769133888047,5,spliced
F,31,0.036470588235294116,0.03651443391901419,0.5279308803942093,5,spliced
A,58,0.06823529411764706,0.0701782848581734,0.6068458524848908,5,spliced
R,45,0.052941176470588235,0.05641358208247376,0.6903145797110655,5,spliced
Y,19,0.02235294117647059,0.02664809788476445,0.8098973135675928,5,spliced
H,18,0.02117647058823529,0.026268603041240055,0.850833996990745,5,spliced
N,24,0.028235294117647063,0.03588147149324288,0.9055015581040908,5,spliced
M,13,0.015294117647058824,0.02132218758950298,0.9151061120499048,5,spliced
S,60,0.07058823529411765,0.08320713679928025,0.921066441655028,5,spliced
W,5,0.005882352941176471,0.012186050151078159,0.9774264332764748,5,spliced
T,33,0.038823529411764715,0.0535714774607706,0.9804850350828104,5,spliced
Q,28,0.03294117647058824,0.04765879412841904,0.9858356789048244,5,spliced
E,41,0.048235294117647064,0.07101269660628104,0.9973579827040108,5,spliced
C,6,0.007058823529411766,0.02297025677149244,0.9999092039779068,5,spliced
D,18,0.02117647058823529,0.047394198701097866,0.9999791496542642,5,spliced
L,192,0.16594641313742434,0.09959377183342816,2.2491270742221344e-12,6,spliced
I,93,0.08038029386343994,0.04340601435297719,1.864531385788249e-08,6,spliced
V,103,0.08902333621434745,0.05969329362753354,4.743364611008083e-05,6,spliced
P,90,0.07778738115816768,0.06310362487786969,0.025790606421337483,6,spliced
T,74,0.06395851339671564,0.0535714774607706,0.0691916589024122,6,spliced
A,94,0.08124459809853067,0.0701782848581734,0.08061028376664088,6,spliced
F,50,0.0432152117545376,0.03651443391901419,0.1289967745233332,6,spliced
G,84,0.07260155574762317,0.06570259491632346,0.18627600258981014,6,spliced
K,71,0.06136560069144339,0.0572700728882684,0.29131948978333577,6,spliced
Q,44,0.03802938634399308,0.04765879412841904,0.9498915968896028,6,spliced
R,53,0.045808124459809856,0.05641358208247376,0.9517594453928672,6,spliced
M,16,0.013828867761452032,0.02132218758950298,0.975372738877732,6,spliced
S,77,0.0665514261019879,0.08320713679928025,0.9846515344868224,6,spliced
N,26,0.02247191011235955,0.03588147149324288,0.9964711560168088,6,spliced
W,5,0.00432152117545376,0.012186050151078159,0.9983975347223948,6,spliced
H,15,0.01296456352636128,0.026268603041240055,0.9993472015121946,6,spliced
Y,12,0.010371650821089023,0.02664809788476445,0.9999689795796706,6,spliced
E,37,0.03197925669835782,0.07101269660628104,0.9999999969244772,6,spliced
D,18,0.015557476231633534,0.047394198701097866,0.9999999988172966,6,spliced
C,3,0.0025929127052722557,0.02297025677149244,0.9999999991624404,6,spliced
L,278,0.1780909673286355,0.09959377183342816,2.4198280034156033e-21,7,spliced
I,115,0.07367072389493914,0.04340601435297719,5.1457718374453605e-08,7,spliced
V,136,0.08712363869314542,0.05969329362753354,1.0008919657381458e-05,7,spliced
P,118,0.07559256886611147,0.06310362487786969,0.026368409221515773,7,spliced
A,123,0.07879564381806534,0.0701782848581734,0.10116994328554003,7,spliced
F,60,0.03843689942344651,0.03651443391901419,0.3609653766136672,7,spliced
Q,74,0.04740550928891736,0.04765879412841904,0.5352979851886491,7,spliced
T,82,0.05253042921204356,0.0535714774607706,0.5882330986400364,7,spliced
R,84,0.05381165919282512,0.05641358208247376,0.6872834511537683,7,spliced
Y,35,0.022421524663677132,0.02664809788476445,0.8692900942811709,7,spliced
N,48,0.030749519538757212,0.03588147149324288,0.8783283880717759,7,spliced
S,116,0.07431133888532991,0.08320713679928025,0.9080035991335904,7,spliced
H,32,0.020499679692504803,0.026268603041240055,0.9383311548042126,7,spliced
M,16,0.010249839846252402,0.02132218758950298,0.9997137485127714,7,spliced
W,6,0.0038436899423446506,0.012186050151078159,0.9998585031683414,7,spliced
E,75,0.048046124279308135,0.07101269660628104,0.9999212288863726,7,spliced
K,57,0.03651505445227418,0.0572700728882684,0.9999314692087206,7,spliced
G,63,0.04035874439461883,0.06570259491632346,0.9999939891102066,7,spliced
D,38,0.024343369634849454,0.047394198701097866,0.9999990524096768,7,spliced
C,5,0.003203074951953876,0.02297025677149244,0.9999999999851577,7,spliced
L,284,0.1437246963562753,0.09959377183342816,3.5730813397233086e-10,8,spliced
V,182,0.09210526315789473,0.05969329362753354,9.047197681033508e-09,8,spliced
A,197,0.09969635627530364,0.0701782848581734,7.013506053691447e-07,8,spliced
S,219,0.11082995951417003,0.08320713679928025,1.2085428251131695e-05,8,spliced
I,110,0.05566801619433198,0.04340601435297719,0.0056677067492304405,8,spliced
K,129,0.0652834008097166,0.0572700728882684,0.07094867956899874,8,spliced
T,120,0.06072874493927125,0.0535714774607706,0.08829403466285927,8,spliced
Q,107,0.0541497975708502,0.04765879412841904,0.0982537061794886,8,spliced
R,96,0.048582995951417005,0.05641358208247376,0.942933644103344,8,spliced
Y,39,0.01973684210526316,0.02664809788476445,0.97990364283089,8,spliced
P,101,0.051113360323886636,0.06310362487786969,0.9892195352788158,8,spliced
N,52,0.02631578947368421,0.03588147149324288,0.9927356993764148,8,spliced
E,111,0.05617408906882592,0.07101269660628104,0.9964596857060136,8,spliced
H,34,0.017206477732793518,0.026268603041240055,0.9969449720144348,8,spliced
F,50,0.02530364372469636,0.03651443391901419,0.9978538929906,8,spliced
G,95,0.04807692307692308,0.06570259491632346,0.9995923242273101,8,spliced
W,7,0.00354251012145749,0.012186050151078159,0.9999886348863032,8,spliced
M,13,0.006578947368421052,0.02132218758950298,0.9999999641241196,8,spliced
D,29,0.014676113360323888,0.047394198701097866,0.9999999999999994,8,spliced
C,1,0.0005060728744939271,0.02297025677149244,1.0,8,spliced
L,877,0.3675607711651299,0.09959377183342816,3.066507887221651e-268,9,spliced
I,292,0.12238055322715842,0.04340601435297719,3.0148893926072168e-55,9,spliced
K,291,0.12196144174350378,0.0572700728882684,6.184737392881321e-33,9,spliced
R,243,0.10184409052808048,0.05641358208247376,2.160418948079352e-18,9,spliced
Y,122,0.05113160100586756,0.02664809788476445,2.451911231197599e-11,9,spliced
F,88,0.03688181056160938,0.03651443391901419,0.476896285810491,9,spliced
V,122,0.05113160100586756,0.05969329362753354,0.9670893174856274,9,spliced
M,21,0.008801341156747695,0.02132218758950298,0.9999994137753054,9,spliced
H,29,0.012154233025984913,0.026268603041240055,0.9999994397200592,9,spliced
W,4,0.0016764459346186086,0.012186050151078159,0.9999999990714671,9,spliced
G,28,0.01173512154233026,0.06570259491632346,1.0,9,spliced
Q,26,0.010896898575020957,0.04765879412841904,1.0,9,spliced
C,3,0.0012573344509639564,0.02297025677149244,1.0,9,spliced
D,12,0.005029337803855826,0.047394198701097866,1.0,9,spliced
N,17,0.007124895222129086,0.03588147149324288,1.0,9,spliced
P,64,0.026823134953897737,0.06310362487786969,1.0,9,spliced
S,34,0.014249790444258172,0.08320713679928025,1.0,9,spliced
T,28,0.01173512154233026,0.0535714774607706,1.0,9,spliced
E,25,0.010477787091366304,0.07101269660628104,1.0,9,spliced
A,60,0.025146689019279127,0.0701782848581734,1.0,9,spliced
R,1455,0.2032690695725063,0.05641358208247376,0.0,1,unspliced
K,1004,0.1402626431964236,0.0572700728882684,1.1392765885283111e-146,1,unspliced
A,694,0.09695445655210952,0.0701782848581734,2.184704397367334e-17,1,unspliced
H,253,0.035345068454875665,0.026268603041240055,2.7756808974805235e-06,1,unspliced
G,549,0.07669740150880135,0.06570259491632346,0.00013243399481758497,1,unspliced
S,682,0.09527801061749093,0.08320713679928025,0.00015533833839503618,1,unspliced
Y,241,0.03366862252025705,0.02664809788476445,0.0002134501581645499,1,unspliced
I,329,0.04596255937412685,0.04340601435297719,0.15103022605625974,1,unspliced
T,339,0.04735959765297569,0.0535714774607706,0.9917602068326606,1,unspliced
F,204,0.028499580888516344,0.03651443391901419,0.9999215304820706,1,unspliced
V,329,0.04596255937412685,0.05969329362753354,0.99999984601907,1,unspliced
N,168,0.02347024308466052,0.03588147149324288,0.9999999992370658,1,unspliced
M,82,0.011455713886560493,0.02132218758950298,0.9999999999027848,1,unspliced
Q,232,0.032411288069293095,0.04765879412841904,0.9999999999382471,1,unspliced
C,7,0.0009779267951941883,0.02297025677149244,1.0,1,unspliced
L,330,0.04610226320201174,0.09959377183342816,1.0,1,unspliced
D,67,0.009360156468287232,0.047394198701097866,1.0,1,unspliced
P,44,0.006146968426934898,0.06310362487786969,1.0,1,unspliced
W,23,0.0032131880413523327,0.012186050151078159,1.0,1,unspliced
E,126,0.01760268231349539,0.07101269660628104,1.0,1,unspliced
R,1617,0.2259010896898575,0.05641358208247376,0.0,2,unspliced
P,1442,0.2014529198100028,0.06310362487786969,0.0,2,unspliced
E,1050,0.14668901927912825,0.07101269660628104,9.225371068656263e-108,2,unspliced
H,331,0.04624196702989662,0.026268603041240055,7.189485644027797e-22,2,unspliced
Y,306,0.04274937133277452,0.02664809788476445,3.9883896792040206e-15,2,unspliced
V,442,0.06174909192511875,0.05969329362753354,0.2379717242355717,2,unspliced
T,341,0.047639005308745465,0.0535714774607706,0.9889619357766768,2,unspliced
L,586,0.08186644314054205,0.09959377183342816,0.9999998812809092,2,unspliced
I,222,0.031014249790444263,0.04340601435297719,0.9999999726371788,2,unspliced
M,65,0.009080748812517464,0.02132218758950298,0.9999999999999998,2,unspliced
Q,110,0.015367421067337244,0.04765879412841904,1.0,2,unspliced
C,2,0.0002794076557697681,0.02297025677149244,1.0,2,unspliced
K,12,0.0016764459346186086,0.0572700728882684,1.0,2,unspliced
F,94,0.0131321598211791,0.03651443391901419,1.0,2,unspliced
D,81,0.011316010058675607,0.047394198701097866,1.0,2,unspliced
S,201,0.02808046940486169,0.08320713679928025,1.0,2,unspliced
N,11,0.0015367421067337245,0.03588147149324288,1.0,2,unspliced
W,9,0.0012573344509639564,0.012186050151078159,1.0,2,unspliced
G,47,0.00656607991058955,0.06570259491632346,1.0,2,unspliced
A,189,0.026404023470243086,0.0701782848581734,1.0,2,unspliced
F,604,0.08438111204246998,0.03651443391901419,6.0010387471500835e-77,3,unspliced
Y,464,0.06482257613858619,0.02664809788476445,4.802948879188386e-65,3,unspliced
R,727,0.1015646828723107,0.05641358208247376,6.606509561519605e-51,3,unspliced
K,558,0.07795473595976529,0.0572700728882684,4.523711221274389e-13,3,unspliced
D,452,0.06314613020396759,0.047394198701097866,1.232668339700703e-09,3,unspliced
N,356,0.04973456272701872,0.03588147149324288,1.389012930480689e-09,3,unspliced
H,251,0.0350656607991059,0.026268603041240055,5.20623521997614e-06,3,unspliced
A,593,0.08284436993573624,0.0701782848581734,2.3407781418882103e-05,3,unspliced
I,380,0.05308745459625594,0.04340601435297719,5.4340579360604276e-05,3,unspliced
W,114,0.01592623637887678,0.012186050151078159,0.0032454752021581143,3,unspliced
M,174,0.024308466051969825,0.02132218758950298,0.04601347115557748,3,unspliced
S,505,0.07055043308186644,0.08320713679928025,0.999966843030496,3,unspliced
L,583,0.0814473316568874,0.09959377183342816,0.9999999398244536,3,unspliced
V,307,0.0428890751606594,0.05969329362753354,0.9999999998708508,3,unspliced
T,265,0.03702151438949428,0.0535714774607706,0.999999999977944,3,unspliced
Q,214,0.029896619167365187,0.04765879412841904,0.9999999999999822,3,unspliced
E,208,0.029058396200055882,0.07101269660628104,1.0,3,unspliced
C,11,0.0015367421067337245,0.02297025677149244,1.0,3,unspliced
P,120,0.01676445934618609,0.06310362487786969,1.0,3,unspliced
G,272,0.03799944118468846,0.06570259491632346,1.0,3,unspliced
P,798,0.11148365465213747,0.06310362487786969,5.288870085106253e-53,4,unspliced
D,578,0.08074881251746298,0.047394198701097866,4.9563069185643545e-34,4,unspliced
E,688,0.09611623358480023,0.07101269660628104,1.9009867685193092e-15,4,unspliced
G,618,0.08633696563285834,0.06570259491632346,8.656927253193372e-12,4,unspliced
K,523,0.07306510198379436,0.0572700728882684,1.776568479060804e-08,4,unspliced
N,295,0.04121262922604079,0.03588147149324288,0.009393012893365813,4,unspliced
Q,383,0.05350656607991059,0.04765879412841904,0.011885181805969685,4,unspliced
S,589,0.0822855546241967,0.08320713679928025,0.6172588436801243,4,unspliced
F,235,0.03283039955294775,0.03651443391901419,0.9565993612020318,4,unspliced
A,450,0.06286672254819782,0.0701782848581734,0.9934213622264604,4,unspliced
I,246,0.034367141659681466,0.04340601435297719,0.9999541712237284,4,unspliced
T,310,0.04330818664431405,0.0535714774607706,0.9999687230094972,4,unspliced
W,51,0.007124895222129086,0.012186050151078159,0.9999904674482312,4,unspliced
H,124,0.01732327465772562,0.026268603041240055,0.9999998005821154,4,unspliced
Y,125,0.01746297848561051,0.02664809788476445,0.9999998847767084,4,unspliced
V,308,0.043028778988544285,0.05969329362753354,0.9999999998155806,4,unspliced
L,540,0.07544006705783739,0.09959377183342816,0.9999999999994408,4,unspliced
M,60,0.008382229673093045,0.02132218758950298,1.0,4,unspliced
C,4,0.0005588153115395362,0.02297025677149244,1.0,4,unspliced
R,233,0.03255099189717798,0.05641358208247376,1.0,4,unspliced
P,681,0.09513830678960604,0.06310362487786969,1.2228141354320904e-25,5,unspliced
K,621,0.086756077116513,0.0572700728882684,7.350136427576988e-24,5,unspliced
V,621,0.086756077116513,0.05969329362753354,5.907937944346113e-20,5,unspliced
I,461,0.06440346465493155,0.04340601435297719,2.002319508378418e-16,5,unspliced
F,353,0.04931545124336407,0.03651443391901419,2.2454513417352448e-08,5,unspliced
H,223,0.031153953618329143,0.026268603041240055,0.006417807544977186,5,unspliced
N,282,0.0393964794635373,0.03588147149324288,0.060142136176295435,5,unspliced
R,423,0.05909471919530595,0.05641358208247376,0.16896515659789202,5,unspliced
Y,198,0.027661357921207042,0.02664809788476445,0.3070223185678477,5,unspliced
G,480,0.06705783738474434,0.06570259491632346,0.3283425912024007,5,unspliced
Q,329,0.04596255937412685,0.04765879412841904,0.7571337956784913,5,unspliced
T,339,0.04735959765297569,0.0535714774607706,0.9917602068326606,5,unspliced
W,62,0.00866163732886281,0.012186050151078159,0.9981787318103968,5,unspliced
A,415,0.05797708857222687,0.0701782848581734,0.9999851585637984,5,unspliced
D,242,0.03380832634814194,0.047394198701097866,0.9999999944408516,5,unspliced
L,566,0.07907236658284438,0.09959377183342816,0.9999999990633373,5,unspliced
M,80,0.011176306230790724,0.02132218758950298,0.999999999974197,5,unspliced
E,354,0.04945515507124895,0.07101269660628104,0.9999999999999688,5,unspliced
S,425,0.05937412685107572,0.08320713679928025,0.999999999999992,5,unspliced
C,3,0.00041911148365465214,0.02297025677149244,1.0,5,unspliced
I,726,0.10142497904442582,0.04340601435297719,3.9348619085063415e-95,6,unspliced
V,708,0.0989103101424979,0.05969329362753354,4.269929986266476e-38,6,unspliced
F,402,0.05616093880972338,0.03651443391901419,1.0762296058749379e-16,6,unspliced
T,462,0.06454316848281642,0.0535714774607706,3.40448506450877e-05,6,unspliced
R,461,0.06440346465493155,0.05641358208247376,0.0021769608810275464,6,unspliced
P,510,0.07124895222129086,0.06310362487786969,0.002856966998132484,6,unspliced
L,783,0.1093880972338642,0.09959377183342816,0.003319553011115558,6,unspliced
Q,379,0.052947750768371056,0.04765879412841904,0.020354673829840214,6,unspliced
A,499,0.06971221011455714,0.0701782848581734,0.5679153645482347,6,unspliced
G,462,0.06454316848281642,0.06570259491632346,0.6605865179410378,6,unspliced
M,128,0.017882089969265158,0.02132218758950298,0.982205633050468,6,unspliced
Y,148,0.02067616652696284,0.02664809788476445,0.9995011341234034,6,unspliced
N,205,0.02863928471640123,0.03588147149324288,0.9997038873149204,6,unspliced
H,133,0.01858060910868958,0.026268603041240055,0.9999921045229876,6,unspliced
W,45,0.006286672254819782,0.012186050151078159,0.9999997916696748,6,unspliced
K,313,0.04372729812796871,0.0572700728882684,0.9999998728895512,6,unspliced
S,446,0.062307907236658286,0.08320713679928025,0.9999999999890876,6,unspliced
E,217,0.030315730651019838,0.07101269660628104,1.0,6,unspliced
C,4,0.0005588153115395362,0.02297025677149244,1.0,6,unspliced
D,127,0.017742386141380274,0.047394198701097866,1.0,6,unspliced
L,1121,0.15660799105895498,0.09959377183342816,4.383641447012632e-51,7,unspliced
I,593,0.08284436993573624,0.04340601435297719,1.288955848910005e-48,7,unspliced
V,650,0.09080748812517464,0.05969329362753354,2.130848828468406e-25,7,unspliced
T,525,0.07334450963956413,0.0535714774607706,9.747833111771358e-13,7,unspliced
F,332,0.04638167085778151,0.03651443391901419,1.0350944773788687e-05,7,unspliced
Y,224,0.031293657446214034,0.02664809788476445,0.00932412913099939,7,unspliced
N,276,0.038558256496228,0.03588147149324288,0.1185769996458404,7,unspliced
H,204,0.028499580888516344,0.026268603041240055,0.12714204434291318,7,unspliced
Q,361,0.05043308186644314,0.04765879412841904,0.1416672950170576,7,unspliced
W,79,0.01103660240290584,0.012186050151078159,0.8260192043121899,7,unspliced
M,136,0.01899972059234423,0.02132218758950298,0.9214234176628252,7,unspliced
A,461,0.06440346465493155,0.0701782848581734,0.974696528265478,7,unspliced
E,440,0.06146968426934898,0.07101269660628104,0.999380624508748,7,unspliced
P,382,0.053366862252025714,0.06310362487786969,0.9997614907272808,7,unspliced
S,491,0.06859457949147807,0.08320713679928025,0.9999980974700404,7,unspliced
R,307,0.0428890751606594,0.05641358208247376,0.999999893496379,7,unspliced
K,272,0.03799944118468846,0.0572700728882684,0.9999999999999606,7,unspliced
C,5,0.0006985191394244202,0.02297025677149244,1.0,7,unspliced
G,143,0.01997764738753842,0.06570259491632346,1.0,7,unspliced
D,156,0.02179379715004191,0.047394198701097866,1.0,7,unspliced
T,619,0.08647666946074323,0.0535714774607706,2.3968903210367578e-30,8,unspliced
S,809,0.1130203967588712,0.08320713679928025,1.8683320506190053e-18,8,unspliced
K,580,0.08102822017323275,0.0572700728882684,1.7627320279006104e-16,8,unspliced
A,663,0.09262363788767812,0.0701782848581734,6.458376844854603e-13,8,unspliced
Q,471,0.06580050293378037,0.04765879412841904,4.844197336362002e-12,8,unspliced
V,541,0.07557977088572226,0.05969329362753354,2.5965346637433886e-08,8,unspliced
E,589,0.0822855546241967,0.07101269660628104,0.0001515768872513142,8,unspliced
H,212,0.02961721151159542,0.026268603041240055,0.04340089541578265,8,unspliced
N,283,0.03953618329142219,0.03588147149324288,0.05312928667950653,8,unspliced
Y,212,0.02961721151159542,0.02664809788476445,0.06568482188649842,8,unspliced
G,455,0.06356524168762225,0.06570259491632346,0.7735947227017024,8,unspliced
R,379,0.052947750768371056,0.05641358208247376,0.9035343214519236,8,unspliced
L,623,0.08703548477228276,0.09959377183342816,0.9998601421199156,8,unspliced
M,106,0.01480860575579771,0.02132218758950298,0.9999761331221892,8,unspliced
F,166,0.023190835428890756,0.03651443391901419,0.9999999999461164,8,unspliced
D,108,0.015088013411567475,0.047394198701097866,1.0,8,unspliced
P,156,0.02179379715004191,0.06310362487786969,1.0,8,unspliced
W,14,0.0019558535903883767,0.012186050151078159,1.0,8,unspliced
I,171,0.023889354568315167,0.04340601435297719,1.0,8,unspliced
C,1,0.00013970382788488402,0.02297025677149244,1.0,8,unspliced
L,2717,0.37957530036323,0.09959377183342816,0.0,9,unspliced
Y,829,0.11581447331656887,0.02664809788476445,2.3700829398154026e-267,9,unspliced
F,912,0.12740989103101424,0.03651443391901419,1.2569460652829021e-228,9,unspliced
K,1054,0.1472478345906678,0.0572700728882684,9.156676646668266e-169,9,unspliced
M,235,0.03283039955294775,0.02132218758950298,2.367207750898719e-10,9,unspliced
I,333,0.04652137468566639,0.04340601435297719,0.1039245669852332,9,unspliced
V,403,0.05630064263760828,0.05969329362753354,0.8926151013616539,9,unspliced
H,159,0.022212908633696564,0.026268603041240055,0.9871261936208182,9,unspliced
R,328,0.04582285554624197,0.05641358208247376,0.9999718152535596,9,unspliced
G,5,0.0006985191394244202,0.06570259491632346,1.0,9,unspliced
Q,6,0.0008382229673093043,0.04765879412841904,1.0,9,unspliced
C,2,0.0002794076557697681,0.02297025677149244,1.0,9,unspliced
D,2,0.0002794076557697681,0.047394198701097866,1.0,9,unspliced
N,5,0.0006985191394244202,0.03588147149324288,1.0,9,unspliced
P,17,0.002374965074043029,0.06310362487786969,1.0,9,unspliced
S,4,0.0005588153115395362,0.08320713679928025,1.0,9,unspliced
T,21,0.002933780385582565,0.0535714774607706,1.0,9,unspliced
W,19,0.002654372729812797,0.012186050151078159,1.0,9,unspliced
E,5,0.0006985191394244202,0.07101269660628104,1.0,9,unspliced
A,102,0.014249790444258172,0.0701782848581734,1.0,9,unspliced
